Solar System,http://bit.ly/3cVhuZc,Sun,1.9885E30,695342.0,5777.0,null,Mercury,3.283E23,2439.7,0.387,0.206,88.0,http://bit.ly/2TB2Heo
Solar System,http://bit.ly/3cVhuZc,Sun,1.9885E30,695342.0,5777.0,null,Venus,4.867E24,6051.8,0.723,0.007,225.0,http://bit.ly/2W3p4L9
Solar System,http://bit.ly/3cVhuZc,Sun,1.9885E30,695342.0,5777.0,null,Earth,5.972E24,6371.0,1.0,0.017,365.0,http://bit.ly/33bvXLZ
Solar System,http://bit.ly/3cVhuZc,Sun,1.9885E30,695342.0,5777.0,null,Mars,6.39E23,3389.5,1.524,0.093,687.0,http://bit.ly/3aGyFvr
Solar System,http://bit.ly/3cVhuZc,Sun,1.9885E30,695342.0,5777.0,null,Jupiter,1.898E27,69911.0,5.2044,0.049,4380.0,http://bit.ly/2Q0fjK3
Solar System,http://bit.ly/3cVhuZc,Sun,1.9885E30,695342.0,5777.0,null,Saturn,5.683E26,58232.0,9.5826,0.057,10585.0,http://bit.ly/2W0sqic
Solar System,http://bit.ly/3cVhuZc,Sun,1.9885E30,695342.0,5777.0,null,Uranus,8.681E25,25362.0,19.2184,0.046,30660.0,http://bit.ly/335pbHy
Solar System,http://bit.ly/3cVhuZc,Sun,1.9885E30,695342.0,5777.0,null,Neptune,1.024E26,24622.0,30.11,0.01,60225.0,http://bit.ly/38AyEba
Kepler-11 System,http://bit.ly/39z5RVD,Kepler-11,1.9093631999999998E30,737442.0,5663.0,null,Kepler-11 b,1.1388E25,11510.212,1.3613406261E7,0.045,10.3039,http://bit.ly/2Q2PngD
Kepler-11 System,http://bit.ly/39z5RVD,Kepler-11,1.9093631999999998E30,737442.0,5663.0,null,Kepler-11 c,1.7081999999999998E25,18301.952,1.6006972196999999E7,0.026,13.0241,http://bit.ly/2Q2PngD
Kepler-11 System,http://bit.ly/39z5RVD,Kepler-11,1.9093631999999998E30,737442.0,5663.0,null,Kepler-11 d,4.3654E25,19874.776,2.3187670005E7,0.004,22.6845,http://bit.ly/2Q2PngD
Kepler-11 System,http://bit.ly/39z5RVD,Kepler-11,1.9093631999999998E30,737442.0,5663.0,null,Kepler-11 e,4.745E25,26738.008,2.9171584845000003E7,0.012,31.9996,http://bit.ly/2Q2PngD
Kepler-11 System,http://bit.ly/39z5RVD,Kepler-11,1.9093631999999998E30,737442.0,5663.0,null,Kepler-11 f,1.1388E25,15871.224,3.739946775E7,0.013,46.6888,http://bit.ly/2Q2PngD
Kepler-11 System,http://bit.ly/39z5RVD,Kepler-11,1.9093631999999998E30,737442.0,5663.0,null,Kepler-11 g,1.49942E26,21233.124,6.9712607886E7,0.15,118.3807,http://bit.ly/2Q2PngD
HAT-P-7 System,http://bit.ly/2Iz4jPB,HAT-P-7,3.1027152E30,1391400.0,6389.0,null,HAT-P-7 b,3.4923200000000003E27,107952.92,0.0,0.0,2.20474,http://bit.ly/2Q2PngD
OGLE2-TR-L9 System,http://bit.ly/2Iz4jPB,OGLE2-TR-L9,3.0231584E30,1064421.0,6933.0,null,OGLE2-TR-L9 b,8.541E27,115102.12000000001,4607614.4268000005,0.0,2.4855335,http://bit.ly/2Q2PngD
K2-100 System,http://bit.ly/2Iz4jPB,K2-100,2.4463715999999998E30,848754.0,6168.0,null,K2-100 b,0.0,22877.44,4428096.9816000005,0.0,1.673833,http://bit.ly/2Q2PngD
Kepler-424 System,http://bit.ly/2Iz4jPB,Kepler-424,2.0088092E30,653958.0,5460.0,null,Kepler-424 b,1.95494E27,63627.88,6582306.324,0.0,3.3118644,http://bit.ly/2Q2PngD
Kepler-424 System,http://bit.ly/2Iz4jPB,Kepler-424,2.0088092E30,653958.0,5460.0,null,Kepler-424 c,1.322906E28,0.0,1.0920644583E8,0.0,223.3,http://bit.ly/2Q2PngD
Kepler-100 System,http://bit.ly/2Iz4jPB,Kepler-100,2.1480336E30,1036593.0,5825.0,null,Kepler-100 b,4.3654E25,8436.055999999999,0.0,0.0,6.88705,http://bit.ly/2Q2PngD
Kepler-100 System,http://bit.ly/2Iz4jPB,Kepler-100,2.1480336E30,1036593.0,5825.0,null,Kepler-100 c,4.209764E25,14012.432,0.0,0.0,12.8159,http://bit.ly/2Q2PngD
Kepler-100 System,http://bit.ly/2Iz4jPB,Kepler-100,2.1480336E30,1036593.0,5825.0,null,Kepler-100 d,1.791712E25,10294.848,0.0,0.0,35.3331,http://bit.ly/2Q2PngD
WASP-38 System,http://bit.ly/2Iz4jPB,WASP-38,3.5004992E30,1057464.0,6180.0,null,WASP-38 b,6.52912E27,87935.16,0.0,0.03,6.87188,http://bit.ly/2Q2PngD
Kepler-278 System,http://bit.ly/2Iz4jPB,Kepler-278,0.0,2045358.0,4991.0,null,Kepler-278 b,0.0,25951.595999999998,3.0966759297E7,0.0,30.160546,http://bit.ly/2Q2PngD
Kepler-278 System,http://bit.ly/2Iz4jPB,Kepler-278,0.0,2045358.0,4991.0,null,Kepler-278 c,0.0,22877.44,4.3981774074E7,0.0,51.078775,http://bit.ly/2Q2PngD
HD 38529 System,http://bit.ly/2Iz4jPB,HD 38529,2.8043772E30,1780992.0,5541.0,null,HD 38529 b,1.512706E27,0.0,1.93579645074E7,0.28,14.30944,http://bit.ly/2Q2PngD
HD 38529 System,http://bit.ly/2Iz4jPB,HD 38529,2.8043772E30,1780992.0,5541.0,null,HD 38529 c,2.465502E28,0.0,5.4453625044E8,0.3407,2136.1,http://bit.ly/2Q2PngD
HD 28678 System,http://bit.ly/2Iz4jPB,HD 28678,3.0430475999999997E30,4508136.0,4972.0,null,HD 28678 b,2.926716E27,0.0,1.7652548778E8,0.149,380.2,http://bit.ly/2Q2PngD
WASP-170 System,http://bit.ly/2Iz4jPB,WASP-170,1.8496956E30,653958.0,5600.0,null,WASP-170 b,3.0368E27,78355.232,5041448.2527,0.0,2.34478022,http://bit.ly/2Q2PngD
K2-278 System,http://bit.ly/2Iz4jPB,K2-278,2.7844879999999997E30,1120077.0,6747.0,null,K2-278 b,0.0,19016.872,7300376.104800001,0.0,3.334966,http://bit.ly/2Q2PngD
Kepler-55 System,http://bit.ly/2Iz4jPB,Kepler-55,0.0,431334.0,4503.0,null,Kepler-55 b,2.82802E27,15513.764,0.0,0.0,27.9481449,http://bit.ly/2Q2PngD
Kepler-55 System,http://bit.ly/2Iz4jPB,Kepler-55,0.0,431334.0,4503.0,null,Kepler-55 c,2.10678E27,14083.924,0.0,0.0,42.1516418,http://bit.ly/2Q2PngD
Kepler-55 System,http://bit.ly/2Iz4jPB,Kepler-55,0.0,431334.0,4503.0,null,Kepler-55 d,0.0,10151.864,4338338.259000001,0.0,2.211099,http://bit.ly/2Q2PngD
Kepler-55 System,http://bit.ly/2Iz4jPB,Kepler-55,0.0,431334.0,4503.0,null,Kepler-55 e,0.0,9865.896,7180697.808,0.0,4.617534,http://bit.ly/2Q2PngD
Kepler-55 System,http://bit.ly/2Iz4jPB,Kepler-55,0.0,431334.0,4503.0,null,Kepler-55 f,0.0,10151.864,1.2117427551E7,0.0,10.198545,http://bit.ly/2Q2PngD
Kepler-182 System,http://bit.ly/2Iz4jPB,Kepler-182,0.0,800054.9999999999,6250.0,null,Kepler-182 b,0.0,16443.16,1.4361395616E7,0.0,9.825792,http://bit.ly/2Q2PngD
Kepler-182 System,http://bit.ly/2Iz4jPB,Kepler-182,0.0,800054.9999999999,6250.0,null,Kepler-182 c,0.0,21876.552,2.3486865747E7,0.0,20.684342,http://bit.ly/2Q2PngD
Kepler-1304 System,http://bit.ly/2Iz4jPB,Kepler-1304,1.690582E30,563517.0,5259.0,null,Kepler-1304 b,0.0,14584.367999999999,0.0,0.0,16.1288853,http://bit.ly/2Q2PngD
Kepler-171 System,http://bit.ly/2Iz4jPB,Kepler-171,0.0,584388.0,5642.0,null,Kepler-171 b,0.0,14941.828,7479893.550000001,0.0,4.166972,http://bit.ly/2Q2PngD
Kepler-171 System,http://bit.ly/2Iz4jPB,Kepler-171,0.0,584388.0,5642.0,null,Kepler-171 c,0.0,16300.176000000001,1.4660591358000001E7,0.0,11.463462,http://bit.ly/2Q2PngD
Kepler-171 System,http://bit.ly/2Iz4jPB,Kepler-171,0.0,584388.0,5642.0,null,Kepler-171 d,0.0,12082.148000000001,3.3360325233E7,0.0,39.595519,http://bit.ly/2Q2PngD
1RXS J160929.1-210524 System,http://bit.ly/2Iz4jPB,1RXS J160929.1-210524,1.690582E30,0.0,4060.0,null,1RXS J160929.1-210524 b,1.5184E28,0.0,4.936729743E10,0.0,0.0,http://bit.ly/2Q2PngD
Kepler-66 System,http://bit.ly/2Iz4jPB,Kepler-66,2.0684768E30,674829.0,5962.0,null,Kepler-66 b,0.0,17873.0,2.0225632159199998E7,0.0,17.815815,http://bit.ly/2Q2PngD
Kepler-8 System,http://bit.ly/2Iz4jPB,Kepler-8,2.4065931999999998E30,1036593.0,6213.0,null,Kepler-8 b,1.1198199999999999E27,101232.67199999999,7090939.085399999,0.0,3.5224991,http://bit.ly/2Q2PngD
Kepler-965 System,http://bit.ly/2Iz4jPB,Kepler-965,2.088366E30,800054.9999999999,5886.0,null,Kepler-965 b,0.0,21590.584,0.0,0.0,134.2527298,http://bit.ly/2Q2PngD
Kepler-976 System,http://bit.ly/2Iz4jPB,Kepler-976,1.7303604E30,577431.0,5232.0,null,Kepler-976 b,0.0,25236.676,0.0,0.0,105.9564148,http://bit.ly/2Q2PngD
Kepler-207 System,http://bit.ly/2Iz4jPB,Kepler-207,0.0,1106163.0,5920.0,null,Kepler-207 b,0.0,10008.880000000001,4338338.259000001,0.0,1.611865,http://bit.ly/2Q2PngD
Kepler-207 System,http://bit.ly/2Iz4jPB,Kepler-207,0.0,1106163.0,5920.0,null,Kepler-207 c,0.0,9579.928,6582306.324,0.0,3.071571,http://bit.ly/2Q2PngD
Kepler-207 System,http://bit.ly/2Iz4jPB,Kepler-207,0.0,1106163.0,5920.0,null,Kepler-207 d,0.0,21090.14,1.0172655228E7,0.0,5.868075,http://bit.ly/2Q2PngD
LkCa 15 System,http://bit.ly/2Iz4jPB,LkCa 15,0.0,0.0,0.0,null,LkCa 15 b,0.0,0.0,2.1990887037E9,0.0,0.0,http://bit.ly/2Q2PngD
LkCa 15 System,http://bit.ly/2Iz4jPB,LkCa 15,0.0,0.0,0.0,null,LkCa 15 c,0.0,0.0,2.7825204006000004E9,0.0,0.0,http://bit.ly/2Q2PngD
11 UMi System,http://bit.ly/2Iz4jPB,11 UMi,5.5291976E30,2.0724903E7,4213.0,null,11 UMi b,2.797652E28,0.0,2.2888474263E8,0.08,516.21997,http://bit.ly/2Q2PngD
HD 178911 B System,http://bit.ly/2Iz4jPB,HD 178911 B,2.4662608E30,751356.0,5588.0,null,HD 178911 B b,1.524094E28,0.0,5.086327614E7,0.11,71.484,http://bit.ly/2Q2PngD
Kepler-1051 System,http://bit.ly/2Iz4jPB,Kepler-1051,2.8441556E30,1203561.0,6675.0,null,Kepler-1051 b,0.0,21662.076,0.0,0.0,25.96200249,http://bit.ly/2Q2PngD
Kepler-1062 System,http://bit.ly/2Iz4jPB,Kepler-1062,1.49169E30,486989.99999999994,4597.0,null,Kepler-1062 b,0.0,11224.244,0.0,0.0,9.30412078,http://bit.ly/2Q2PngD
Kepler-111 System,http://bit.ly/2Iz4jPB,Kepler-111,0.0,807012.0,5952.0,null,Kepler-111 b,0.0,10080.372,6881502.066,0.0,3.341815,http://bit.ly/2Q2PngD
Kepler-111 System,http://bit.ly/2Iz4jPB,Kepler-111,0.0,807012.0,5952.0,null,Kepler-111 c,0.0,46541.292,1.13843979831E8,0.0,224.784608,http://bit.ly/2Q2PngD
Kepler-880 System,http://bit.ly/2Iz4jPB,Kepler-880,2.9038232E30,1210518.0,6761.0,null,Kepler-880 b,0.0,16943.604,0.0,0.0,7.71468975,http://bit.ly/2Q2PngD
OGLE-2015-BLG-0051L System,http://bit.ly/2Iz4jPB,OGLE-2015-BLG-0051L,1.98892E29,0.0,0.0,null,OGLE-2015-BLG-0051L b,1.36656E27,0.0,1.0920644583E8,0.0,0.0,http://bit.ly/2Q2PngD
Kepler-413 System,http://bit.ly/2Iz4jPB,Kepler-413,1.6309143999999998E30,542646.0,4700.0,null,Kepler-413 b,4.00478E26,27738.896,5.31521235663E7,0.1181,66.262,http://bit.ly/2Q2PngD
WASP-49 System,http://bit.ly/2Iz4jPB,WASP-49,1.8298064E30,674829.0,5600.0,null,WASP-49 b,7.022599999999999E26,79356.12000000001,0.0,0.0,2.78174,http://bit.ly/2Q2PngD
K2-11 System,http://bit.ly/2Iz4jPB,K2-11,2.685042E30,3582855.0000000005,5433.0,null,K2-11 b,0.0,48185.608,3.37642394847E7,0.0,39.93767,http://bit.ly/2Q2PngD
K2-111 System,http://bit.ly/2Iz4jPB,K2-111,1.7502496E30,855711.0,5730.0,null,K2-111 b,5.135988E25,12153.640000000001,9290027.7891,0.0,5.35117,http://bit.ly/2Q2PngD
Kepler-435 System,http://bit.ly/2Iz4jPB,Kepler-435,3.0629368E30,2233197.0,6161.0,null,Kepler-435 b,1.5943199999999998E27,142269.08,1.4181878170799999E7,0.114,8.6001536,http://bit.ly/2Q2PngD
WASP-181 System,http://bit.ly/2Iz4jPB,WASP-181,2.0684768E30,667872.0,5839.0,null,WASP-181 b,5.67502E26,84646.52799999999,8118676.45917,0.0,4.5195064,http://bit.ly/2Q2PngD
Kepler-1628 System,http://bit.ly/2Iz4jPB,Kepler-1628,1.093906E30,361764.0,3724.0,null,Kepler-1628 b,0.0,41036.407999999996,0.0,0.0,76.378033,http://bit.ly/2Q2PngD
Kepler-1592 System,http://bit.ly/2Iz4jPB,Kepler-1592,2.3469255999999997E30,890496.0,6213.0,null,Kepler-1592 b,0.0,9794.404,0.0,0.0,3.05710069,http://bit.ly/2Q2PngD
HIP 8541 System,http://bit.ly/2Iz4jPB,HIP 8541,2.3270363999999997E30,5447331.0,4670.0,null,HIP 8541 b,1.0439E28,0.0,4.1887403879999995E8,0.16,1560.2,http://bit.ly/2Q2PngD
HD 216435 System,http://bit.ly/2Iz4jPB,HD 216435,2.585596E30,0.0,5999.0,null,HD 216435 b,2.39148E27,0.0,3.8297054976E8,0.07,1311.0,http://bit.ly/2Q2PngD
Kepler-1147 System,http://bit.ly/2Iz4jPB,Kepler-1147,2.1679228E30,793097.9999999999,5941.0,null,Kepler-1147 b,0.0,16657.636000000002,0.0,0.0,10.62784997,http://bit.ly/2Q2PngD
NGC 2682 Sand 978 System,http://bit.ly/2Iz4jPB,NGC 2682 Sand 978,2.7248204E30,0.0,4200.0,null,NGC 2682 Sand 978 b,4.13764E27,0.0,0.0,0.16,511.21,http://bit.ly/2Q2PngD
Kepler-641 System,http://bit.ly/2Iz4jPB,Kepler-641,2.0286984E30,786140.9999999999,5713.0,null,Kepler-641 b,0.0,11796.18,0.0,0.0,9.48961571,http://bit.ly/2Q2PngD
GJ 3634 System,http://bit.ly/2Iz4jPB,GJ 3634,8.95014E29,299151.0,0.0,null,GJ 3634 b,4.9348E25,0.0,4293458.8977,0.08,2.64561,http://bit.ly/2Q2PngD
Kepler-1606 System,http://bit.ly/2Iz4jPB,Kepler-1606,1.790028E30,598302.0,5422.0,null,Kepler-1606 b,0.0,13226.02,0.0,0.0,196.435224,http://bit.ly/2Q2PngD
HD 190647 System,http://bit.ly/2Iz4jPB,HD 190647,2.1281444E30,960065.9999999999,5656.0,null,HD 190647 b,3.76753E27,0.0,3.33752850201E8,0.224,1176.45,http://bit.ly/2Q2PngD
Kepler-1158 System,http://bit.ly/2Iz4jPB,Kepler-1158,2.8043772E30,1356615.0,6203.0,null,Kepler-1158 b,0.0,14941.828,0.0,0.0,13.5396293,http://bit.ly/2Q2PngD
Kepler-1169 System,http://bit.ly/2Iz4jPB,Kepler-1169,2.4662608E30,855711.0,6191.0,null,Kepler-1169 b,0.0,6005.328,0.0,0.0,6.11009134,http://bit.ly/2Q2PngD
Kepler-1617 System,http://bit.ly/2Iz4jPB,Kepler-1617,2.2872579999999997E30,848754.0,6167.0,null,Kepler-1617 b,0.0,7649.644,0.0,0.0,27.4785572,http://bit.ly/2Q2PngD
Kepler-630 System,http://bit.ly/2Iz4jPB,Kepler-630,2.0286984E30,723528.0,5829.0,null,Kepler-630 b,0.0,20303.728,0.0,0.0,161.4743937,http://bit.ly/2Q2PngD
K2-22 System,http://bit.ly/2Iz4jPB,K2-22,1.1933519999999999E30,396548.99999999994,3830.0,null,K2-22 b,2.6571999999999995E27,15942.716,1316461.2648,0.0,0.381078,http://bit.ly/2Q2PngD
Kepler-652 System,http://bit.ly/2Iz4jPB,Kepler-652,1.9292523999999998E30,612216.0,5490.0,null,Kepler-652 b,0.0,15871.224,0.0,0.0,4.18200253,http://bit.ly/2Q2PngD
Kepler-905 System,http://bit.ly/2Iz4jPB,Kepler-905,1.8894739999999998E30,598302.0,5461.0,null,Kepler-905 b,0.0,9007.992,0.0,0.0,5.08274652,http://bit.ly/2Q2PngD
K2-33 System,http://bit.ly/2Iz4jPB,K2-33,1.1137952000000001E30,730485.0,3540.0,null,K2-33 b,7.0226E27,32171.4,0.0,0.0,5.424865,http://bit.ly/2Q2PngD
Kepler-1364 System,http://bit.ly/2Iz4jPB,Kepler-1364,2.9634908E30,1245303.0,6805.0,null,Kepler-1364 b,0.0,13726.464,0.0,0.0,13.32196237,http://bit.ly/2Q2PngD
Kepler-663 System,http://bit.ly/2Iz4jPB,Kepler-663,1.7104712E30,570474.0,5264.0,null,Kepler-663 b,0.0,16586.144,0.0,0.0,4.99678284,http://bit.ly/2Q2PngD
Kepler-1386 System,http://bit.ly/2Iz4jPB,Kepler-1386,2.0286984E30,716571.0,5733.0,null,Kepler-1386 b,0.0,7935.612,0.0,0.0,6.73972381,http://bit.ly/2Q2PngD
Kepler-1375 System,http://bit.ly/2Iz4jPB,Kepler-1375,2.9237124E30,1238346.0,6704.0,null,Kepler-1375 b,0.0,11081.26,0.0,0.0,3.3004192,http://bit.ly/2Q2PngD
HD 120084 System,http://bit.ly/2Iz4jPB,HD 120084,4.7535188E30,6344783.999999999,4892.0,null,HD 120084 b,8.541E27,0.0,6.432708453E8,0.66,2082.0,http://bit.ly/2Q2PngD
Kepler-1397 System,http://bit.ly/2Iz4jPB,Kepler-1397,2.1679228E30,779184.0000000001,6026.0,null,Kepler-1397 b,0.0,10938.276,0.0,0.0,47.449955,http://bit.ly/2Q2PngD
CoRoT-12 System,http://bit.ly/2Iz4jPB,CoRoT-12,2.1480336E30,779184.0000000001,5675.0,null,CoRoT-12 b,1.740466E27,102948.48,6007850.49936,0.07,2.828042,http://bit.ly/2Q2PngD
