[ {
  "name" : "HAT-P-7 System",
  "centerStar" : {
    "type" : "Star",
    "name" : "HAT-P-7",
    "mass" : 3.1027152E30,
    "radius" : 1391400.0,
    "pictureUrl" : "http://bit.ly/336nzNZ",
    "effectiveTemperature" : 6389.0
  },
  "pictureUrl" : "http://bit.ly/2Iz4jPB",
  "planets" : [ {
    "type" : "Planet",
    "name" : "HAT-P-7 b",
    "mass" : 3.4923200000000003E27,
    "radius" : 107952.92,
    "pictureUrl" : "http://bit.ly/2Q2PngD",
    "semiMajorAxis" : 0.0,
    "eccentricity" : 0.0,
    "orbitalPeriod" : 2.20474,
    "centralCelestialBody" : {
      "type" : "Star",
      "name" : "HAT-P-7",
      "mass" : 3.1027152E30,
      "radius" : 1391400.0,
      "pictureUrl" : "http://bit.ly/336nzNZ",
      "effectiveTemperature" : 6389.0
    }
  } ]
}, {
  "name" : "Kepler-1397 System",
  "centerStar" : {
    "type" : "Star",
    "name" : "Kepler-1397",
    "mass" : 2.1679228E30,
    "radius" : 779184.0000000001,
    "pictureUrl" : "http://bit.ly/336nzNZ",
    "effectiveTemperature" : 6026.0
  },
  "pictureUrl" : "http://bit.ly/2Iz4jPB",
  "planets" : [ {
    "type" : "Planet",
    "name" : "Kepler-1397 b",
    "mass" : 0.0,
    "radius" : 10938.276,
    "pictureUrl" : "http://bit.ly/2Q2PngD",
    "semiMajorAxis" : 0.0,
    "eccentricity" : 0.0,
    "orbitalPeriod" : 47.449955,
    "centralCelestialBody" : {
      "type" : "Star",
      "name" : "Kepler-1397",
      "mass" : 2.1679228E30,
      "radius" : 779184.0000000001,
      "pictureUrl" : "http://bit.ly/336nzNZ",
      "effectiveTemperature" : 6026.0
    }
  } ]
}, {
  "name" : "OGLE2-TR-L9 System",
  "centerStar" : {
    "type" : "Star",
    "name" : "OGLE2-TR-L9",
    "mass" : 3.0231584E30,
    "radius" : 1064421.0,
    "pictureUrl" : "http://bit.ly/336nzNZ",
    "effectiveTemperature" : 6933.0
  },
  "pictureUrl" : "http://bit.ly/2Iz4jPB",
  "planets" : [ {
    "type" : "Planet",
    "name" : "OGLE2-TR-L9 b",
    "mass" : 8.541E27,
    "radius" : 115102.12000000001,
    "pictureUrl" : "http://bit.ly/2Q2PngD",
    "semiMajorAxis" : 4607614.4268000005,
    "eccentricity" : 0.0,
    "orbitalPeriod" : 2.4855335,
    "centralCelestialBody" : {
      "type" : "Star",
      "name" : "OGLE2-TR-L9",
      "mass" : 3.0231584E30,
      "radius" : 1064421.0,
      "pictureUrl" : "http://bit.ly/336nzNZ",
      "effectiveTemperature" : 6933.0
    }
  } ]
}, {
  "name" : "K2-100 System",
  "centerStar" : {
    "type" : "Star",
    "name" : "K2-100",
    "mass" : 2.4463715999999998E30,
    "radius" : 848754.0,
    "pictureUrl" : "http://bit.ly/336nzNZ",
    "effectiveTemperature" : 6168.0
  },
  "pictureUrl" : "http://bit.ly/2Iz4jPB",
  "planets" : [ {
    "type" : "Planet",
    "name" : "K2-100 b",
    "mass" : 0.0,
    "radius" : 22877.44,
    "pictureUrl" : "http://bit.ly/2Q2PngD",
    "semiMajorAxis" : 4428096.9816000005,
    "eccentricity" : 0.0,
    "orbitalPeriod" : 1.673833,
    "centralCelestialBody" : {
      "type" : "Star",
      "name" : "K2-100",
      "mass" : 2.4463715999999998E30,
      "radius" : 848754.0,
      "pictureUrl" : "http://bit.ly/336nzNZ",
      "effectiveTemperature" : 6168.0
    }
  } ]
}, {
  "name" : "CoRoT-12 System",
  "centerStar" : {
    "type" : "Star",
    "name" : "CoRoT-12",
    "mass" : 2.1480336E30,
    "radius" : 779184.0000000001,
    "pictureUrl" : "http://bit.ly/336nzNZ",
    "effectiveTemperature" : 5675.0
  },
  "pictureUrl" : "http://bit.ly/2Iz4jPB",
  "planets" : [ {
    "type" : "Planet",
    "name" : "CoRoT-12 b",
    "mass" : 1.740466E27,
    "radius" : 102948.48,
    "pictureUrl" : "http://bit.ly/2Q2PngD",
    "semiMajorAxis" : 6007850.49936,
    "eccentricity" : 0.07,
    "orbitalPeriod" : 2.828042,
    "centralCelestialBody" : {
      "type" : "Star",
      "name" : "CoRoT-12",
      "mass" : 2.1480336E30,
      "radius" : 779184.0000000001,
      "pictureUrl" : "http://bit.ly/336nzNZ",
      "effectiveTemperature" : 5675.0
    }
  } ]
}, {
  "name" : "Kepler-256 System",
  "centerStar" : {
    "type" : "Star",
    "name" : "Kepler-256",
    "mass" : 0.0,
    "radius" : 904410.0,
    "pictureUrl" : "http://bit.ly/336nzNZ",
    "effectiveTemperature" : 5551.0
  },
  "pictureUrl" : "http://bit.ly/2Iz4jPB",
  "planets" : [ {
    "type" : "Planet",
    "name" : "Kepler-256 b",
    "mass" : 0.0,
    "radius" : 10151.864,
    "pictureUrl" : "http://bit.ly/2Q2PngD",
    "semiMajorAxis" : 4039142.517,
    "eccentricity" : 0.0,
    "orbitalPeriod" : 1.620493,
    "centralCelestialBody" : {
      "type" : "Star",
      "name" : "Kepler-256",
      "mass" : 0.0,
      "radius" : 904410.0,
      "pictureUrl" : "http://bit.ly/336nzNZ",
      "effectiveTemperature" : 5551.0
    }
  }, {
    "type" : "Planet",
    "name" : "Kepler-256 c",
    "mass" : 0.0,
    "radius" : 13726.464,
    "pictureUrl" : "http://bit.ly/2Q2PngD",
    "semiMajorAxis" : 6731904.194999999,
    "eccentricity" : 0.0,
    "orbitalPeriod" : 3.38802,
    "centralCelestialBody" : {
      "type" : "Star",
      "name" : "Kepler-256",
      "mass" : 0.0,
      "radius" : 904410.0,
      "pictureUrl" : "http://bit.ly/336nzNZ",
      "effectiveTemperature" : 5551.0
    }
  }, {
    "type" : "Planet",
    "name" : "Kepler-256 d",
    "mass" : 0.0,
    "radius" : 15799.732,
    "pictureUrl" : "http://bit.ly/2Q2PngD",
    "semiMajorAxis" : 9574263.744,
    "eccentricity" : 0.0,
    "orbitalPeriod" : 5.839172,
    "centralCelestialBody" : {
      "type" : "Star",
      "name" : "Kepler-256",
      "mass" : 0.0,
      "radius" : 904410.0,
      "pictureUrl" : "http://bit.ly/336nzNZ",
      "effectiveTemperature" : 5551.0
    }
  }, {
    "type" : "Planet",
    "name" : "Kepler-256 e",
    "mass" : 0.0,
    "radius" : 15013.32,
    "pictureUrl" : "http://bit.ly/2Q2PngD",
    "semiMajorAxis" : 1.4361395616E7,
    "eccentricity" : 0.0,
    "orbitalPeriod" : 10.681572,
    "centralCelestialBody" : {
      "type" : "Star",
      "name" : "Kepler-256",
      "mass" : 0.0,
      "radius" : 904410.0,
      "pictureUrl" : "http://bit.ly/336nzNZ",
      "effectiveTemperature" : 5551.0
    }
  } ]
}, {
  "name" : "Kepler-424 System",
  "centerStar" : {
    "type" : "Star",
    "name" : "Kepler-424",
    "mass" : 2.0088092E30,
    "radius" : 653958.0,
    "pictureUrl" : "http://bit.ly/336nzNZ",
    "effectiveTemperature" : 5460.0
  },
  "pictureUrl" : "http://bit.ly/2Iz4jPB",
  "planets" : [ {
    "type" : "Planet",
    "name" : "Kepler-424 b",
    "mass" : 1.95494E27,
    "radius" : 63627.88,
    "pictureUrl" : "http://bit.ly/2Q2PngD",
    "semiMajorAxis" : 6582306.324,
    "eccentricity" : 0.0,
    "orbitalPeriod" : 3.3118644,
    "centralCelestialBody" : {
      "type" : "Star",
      "name" : "Kepler-424",
      "mass" : 2.0088092E30,
      "radius" : 653958.0,
      "pictureUrl" : "http://bit.ly/336nzNZ",
      "effectiveTemperature" : 5460.0
    }
  }, {
    "type" : "Planet",
    "name" : "Kepler-424 c",
    "mass" : 1.322906E28,
    "radius" : 0.0,
    "pictureUrl" : "http://bit.ly/2Q2PngD",
    "semiMajorAxis" : 1.0920644583E8,
    "eccentricity" : 0.0,
    "orbitalPeriod" : 223.3,
    "centralCelestialBody" : {
      "type" : "Star",
      "name" : "Kepler-424",
      "mass" : 2.0088092E30,
      "radius" : 653958.0,
      "pictureUrl" : "http://bit.ly/336nzNZ",
      "effectiveTemperature" : 5460.0
    }
  } ]
}, {
  "name" : "Kepler-100 System",
  "centerStar" : {
    "type" : "Star",
    "name" : "Kepler-100",
    "mass" : 2.1480336E30,
    "radius" : 1036593.0,
    "pictureUrl" : "http://bit.ly/336nzNZ",
    "effectiveTemperature" : 5825.0
  },
  "pictureUrl" : "http://bit.ly/2Iz4jPB",
  "planets" : [ {
    "type" : "Planet",
    "name" : "Kepler-100 b",
    "mass" : 4.3654E25,
    "radius" : 8436.055999999999,
    "pictureUrl" : "http://bit.ly/2Q2PngD",
    "semiMajorAxis" : 0.0,
    "eccentricity" : 0.0,
    "orbitalPeriod" : 6.88705,
    "centralCelestialBody" : {
      "type" : "Star",
      "name" : "Kepler-100",
      "mass" : 2.1480336E30,
      "radius" : 1036593.0,
      "pictureUrl" : "http://bit.ly/336nzNZ",
      "effectiveTemperature" : 5825.0
    }
  }, {
    "type" : "Planet",
    "name" : "Kepler-100 c",
    "mass" : 4.209764E25,
    "radius" : 14012.432,
    "pictureUrl" : "http://bit.ly/2Q2PngD",
    "semiMajorAxis" : 0.0,
    "eccentricity" : 0.0,
    "orbitalPeriod" : 12.8159,
    "centralCelestialBody" : {
      "type" : "Star",
      "name" : "Kepler-100",
      "mass" : 2.1480336E30,
      "radius" : 1036593.0,
      "pictureUrl" : "http://bit.ly/336nzNZ",
      "effectiveTemperature" : 5825.0
    }
  }, {
    "type" : "Planet",
    "name" : "Kepler-100 d",
    "mass" : 1.791712E25,
    "radius" : 10294.848,
    "pictureUrl" : "http://bit.ly/2Q2PngD",
    "semiMajorAxis" : 0.0,
    "eccentricity" : 0.0,
    "orbitalPeriod" : 35.3331,
    "centralCelestialBody" : {
      "type" : "Star",
      "name" : "Kepler-100",
      "mass" : 2.1480336E30,
      "radius" : 1036593.0,
      "pictureUrl" : "http://bit.ly/336nzNZ",
      "effectiveTemperature" : 5825.0
    }
  } ]
}, {
  "name" : "WASP-38 System",
  "centerStar" : {
    "type" : "Star",
    "name" : "WASP-38",
    "mass" : 3.5004992E30,
    "radius" : 1057464.0,
    "pictureUrl" : "http://bit.ly/336nzNZ",
    "effectiveTemperature" : 6180.0
  },
  "pictureUrl" : "http://bit.ly/2Iz4jPB",
  "planets" : [ {
    "type" : "Planet",
    "name" : "WASP-38 b",
    "mass" : 6.52912E27,
    "radius" : 87935.16,
    "pictureUrl" : "http://bit.ly/2Q2PngD",
    "semiMajorAxis" : 0.0,
    "eccentricity" : 0.03,
    "orbitalPeriod" : 6.87188,
    "centralCelestialBody" : {
      "type" : "Star",
      "name" : "WASP-38",
      "mass" : 3.5004992E30,
      "radius" : 1057464.0,
      "pictureUrl" : "http://bit.ly/336nzNZ",
      "effectiveTemperature" : 6180.0
    }
  } ]
}, {
  "name" : "Kepler-278 System",
  "centerStar" : {
    "type" : "Star",
    "name" : "Kepler-278",
    "mass" : 0.0,
    "radius" : 2045358.0,
    "pictureUrl" : "http://bit.ly/336nzNZ",
    "effectiveTemperature" : 4991.0
  },
  "pictureUrl" : "http://bit.ly/2Iz4jPB",
  "planets" : [ {
    "type" : "Planet",
    "name" : "Kepler-278 b",
    "mass" : 0.0,
    "radius" : 25951.595999999998,
    "pictureUrl" : "http://bit.ly/2Q2PngD",
    "semiMajorAxis" : 3.0966759297E7,
    "eccentricity" : 0.0,
    "orbitalPeriod" : 30.160546,
    "centralCelestialBody" : {
      "type" : "Star",
      "name" : "Kepler-278",
      "mass" : 0.0,
      "radius" : 2045358.0,
      "pictureUrl" : "http://bit.ly/336nzNZ",
      "effectiveTemperature" : 4991.0
    }
  }, {
    "type" : "Planet",
    "name" : "Kepler-278 c",
    "mass" : 0.0,
    "radius" : 22877.44,
    "pictureUrl" : "http://bit.ly/2Q2PngD",
    "semiMajorAxis" : 4.3981774074E7,
    "eccentricity" : 0.0,
    "orbitalPeriod" : 51.078775,
    "centralCelestialBody" : {
      "type" : "Star",
      "name" : "Kepler-278",
      "mass" : 0.0,
      "radius" : 2045358.0,
      "pictureUrl" : "http://bit.ly/336nzNZ",
      "effectiveTemperature" : 4991.0
    }
  } ]
}, {
  "name" : "Kepler-1639 System",
  "centerStar" : {
    "type" : "Star",
    "name" : "Kepler-1639",
    "mass" : 2.2275904000000002E30,
    "radius" : 820926.0,
    "pictureUrl" : "http://bit.ly/336nzNZ",
    "effectiveTemperature" : 6150.0
  },
  "pictureUrl" : "http://bit.ly/2Iz4jPB",
  "planets" : [ {
    "type" : "Planet",
    "name" : "Kepler-1639 b",
    "mass" : 0.0,
    "radius" : 16443.16,
    "pictureUrl" : "http://bit.ly/2Q2PngD",
    "semiMajorAxis" : 0.0,
    "eccentricity" : 0.0,
    "orbitalPeriod" : 9.878482,
    "centralCelestialBody" : {
      "type" : "Star",
      "name" : "Kepler-1639",
      "mass" : 2.2275904000000002E30,
      "radius" : 820926.0,
      "pictureUrl" : "http://bit.ly/336nzNZ",
      "effectiveTemperature" : 6150.0
    }
  } ]
}, {
  "name" : "Solar System",
  "centerStar" : {
    "type" : "Star",
    "name" : "Sun",
    "mass" : 1.9885E30,
    "radius" : 695342.0,
    "pictureUrl" : "http://bit.ly/333CTus",
    "effectiveTemperature" : 5777.0
  },
  "pictureUrl" : "http://bit.ly/3cVhuZc",
  "planets" : [ {
    "type" : "Planet",
    "name" : "Mercury",
    "mass" : 3.283E23,
    "radius" : 2439.7,
    "pictureUrl" : "http://bit.ly/2TB2Heo",
    "semiMajorAxis" : 0.387,
    "eccentricity" : 0.206,
    "orbitalPeriod" : 88.0,
    "centralCelestialBody" : {
      "type" : "Star",
      "name" : "Sun",
      "mass" : 1.9885E30,
      "radius" : 695342.0,
      "pictureUrl" : "http://bit.ly/333CTus",
      "effectiveTemperature" : 5777.0
    }
  }, {
    "type" : "Planet",
    "name" : "Venus",
    "mass" : 4.867E24,
    "radius" : 6051.8,
    "pictureUrl" : "http://bit.ly/2W3p4L9",
    "semiMajorAxis" : 0.723,
    "eccentricity" : 0.007,
    "orbitalPeriod" : 225.0,
    "centralCelestialBody" : {
      "type" : "Star",
      "name" : "Sun",
      "mass" : 1.9885E30,
      "radius" : 695342.0,
      "pictureUrl" : "http://bit.ly/333CTus",
      "effectiveTemperature" : 5777.0
    }
  }, {
    "type" : "Planet",
    "name" : "Earth",
    "mass" : 5.972E24,
    "radius" : 6371.0,
    "pictureUrl" : "http://bit.ly/33bvXLZ",
    "semiMajorAxis" : 1.0,
    "eccentricity" : 0.017,
    "orbitalPeriod" : 365.0,
    "centralCelestialBody" : {
      "type" : "Star",
      "name" : "Sun",
      "mass" : 1.9885E30,
      "radius" : 695342.0,
      "pictureUrl" : "http://bit.ly/333CTus",
      "effectiveTemperature" : 5777.0
    }
  }, {
    "type" : "Planet",
    "name" : "Mars",
    "mass" : 6.39E23,
    "radius" : 3389.5,
    "pictureUrl" : "http://bit.ly/3aGyFvr",
    "semiMajorAxis" : 1.524,
    "eccentricity" : 0.093,
    "orbitalPeriod" : 687.0,
    "centralCelestialBody" : {
      "type" : "Star",
      "name" : "Sun",
      "mass" : 1.9885E30,
      "radius" : 695342.0,
      "pictureUrl" : "http://bit.ly/333CTus",
      "effectiveTemperature" : 5777.0
    }
  }, {
    "type" : "Planet",
    "name" : "Jupiter",
    "mass" : 1.898E27,
    "radius" : 69911.0,
    "pictureUrl" : "http://bit.ly/2Q0fjK3",
    "semiMajorAxis" : 5.2044,
    "eccentricity" : 0.049,
    "orbitalPeriod" : 4380.0,
    "centralCelestialBody" : {
      "type" : "Star",
      "name" : "Sun",
      "mass" : 1.9885E30,
      "radius" : 695342.0,
      "pictureUrl" : "http://bit.ly/333CTus",
      "effectiveTemperature" : 5777.0
    }
  }, {
    "type" : "Planet",
    "name" : "Saturn",
    "mass" : 5.683E26,
    "radius" : 58232.0,
    "pictureUrl" : "http://bit.ly/2W0sqic",
    "semiMajorAxis" : 9.5826,
    "eccentricity" : 0.057,
    "orbitalPeriod" : 10585.0,
    "centralCelestialBody" : {
      "type" : "Star",
      "name" : "Sun",
      "mass" : 1.9885E30,
      "radius" : 695342.0,
      "pictureUrl" : "http://bit.ly/333CTus",
      "effectiveTemperature" : 5777.0
    }
  }, {
    "type" : "Planet",
    "name" : "Uranus",
    "mass" : 8.681E25,
    "radius" : 25362.0,
    "pictureUrl" : "http://bit.ly/335pbHy",
    "semiMajorAxis" : 19.2184,
    "eccentricity" : 0.046,
    "orbitalPeriod" : 30660.0,
    "centralCelestialBody" : {
      "type" : "Star",
      "name" : "Sun",
      "mass" : 1.9885E30,
      "radius" : 695342.0,
      "pictureUrl" : "http://bit.ly/333CTus",
      "effectiveTemperature" : 5777.0
    }
  }, {
    "type" : "Planet",
    "name" : "Neptune",
    "mass" : 1.024E26,
    "radius" : 24622.0,
    "pictureUrl" : "http://bit.ly/38AyEba",
    "semiMajorAxis" : 30.11,
    "eccentricity" : 0.01,
    "orbitalPeriod" : 60225.0,
    "centralCelestialBody" : {
      "type" : "Star",
      "name" : "Sun",
      "mass" : 1.9885E30,
      "radius" : 695342.0,
      "pictureUrl" : "http://bit.ly/333CTus",
      "effectiveTemperature" : 5777.0
    }
  } ]
}, {
  "name" : "HD 148156 System",
  "centerStar" : {
    "type" : "Star",
    "name" : "HD 148156",
    "mass" : 2.4264823999999998E30,
    "radius" : 841797.0,
    "pictureUrl" : "http://bit.ly/336nzNZ",
    "effectiveTemperature" : 6308.0
  },
  "pictureUrl" : "http://bit.ly/2Iz4jPB",
  "planets" : [ {
    "type" : "Planet",
    "name" : "HD 148156 b",
    "mass" : 1.6132999999999999E27,
    "radius" : 0.0,
    "pictureUrl" : "http://bit.ly/2Q2PngD",
    "semiMajorAxis" : 3.6651478395000005E8,
    "eccentricity" : 0.52,
    "orbitalPeriod" : 1027.0,
    "centralCelestialBody" : {
      "type" : "Star",
      "name" : "HD 148156",
      "mass" : 2.4264823999999998E30,
      "radius" : 841797.0,
      "pictureUrl" : "http://bit.ly/336nzNZ",
      "effectiveTemperature" : 6308.0
    }
  } ]
}, {
  "name" : "KELT-9 System",
  "centerStar" : {
    "type" : "Star",
    "name" : "KELT-9",
    "mass" : 5.0120784E30,
    "radius" : 1641852.0,
    "pictureUrl" : "http://bit.ly/336nzNZ",
    "effectiveTemperature" : 10170.0
  },
  "pictureUrl" : "http://bit.ly/2Iz4jPB",
  "planets" : [ {
    "type" : "Planet",
    "name" : "KELT-9 b",
    "mass" : 5.46624E27,
    "radius" : 135191.372,
    "pictureUrl" : "http://bit.ly/2Q2PngD",
    "semiMajorAxis" : 5179078.29402,
    "eccentricity" : 0.0,
    "orbitalPeriod" : 1.4811235,
    "centralCelestialBody" : {
      "type" : "Star",
      "name" : "KELT-9",
      "mass" : 5.0120784E30,
      "radius" : 1641852.0,
      "pictureUrl" : "http://bit.ly/336nzNZ",
      "effectiveTemperature" : 10170.0
    }
  } ]
}, {
  "name" : "Kepler-1136 System",
  "centerStar" : {
    "type" : "Star",
    "name" : "Kepler-1136",
    "mass" : 1.4320224E30,
    "radius" : 473076.00000000006,
    "pictureUrl" : "http://bit.ly/336nzNZ",
    "effectiveTemperature" : 4512.0
  },
  "pictureUrl" : "http://bit.ly/2Iz4jPB",
  "planets" : [ {
    "type" : "Planet",
    "name" : "Kepler-1136 b",
    "mass" : 0.0,
    "radius" : 10437.831999999999,
    "pictureUrl" : "http://bit.ly/2Q2PngD",
    "semiMajorAxis" : 0.0,
    "eccentricity" : 0.0,
    "orbitalPeriod" : 2.36172433,
    "centralCelestialBody" : {
      "type" : "Star",
      "name" : "Kepler-1136",
      "mass" : 1.4320224E30,
      "radius" : 473076.00000000006,
      "pictureUrl" : "http://bit.ly/336nzNZ",
      "effectiveTemperature" : 4512.0
    }
  } ]
}, {
  "name" : "HD 38529 System",
  "centerStar" : {
    "type" : "Star",
    "name" : "HD 38529",
    "mass" : 2.8043772E30,
    "radius" : 1780992.0,
    "pictureUrl" : "http://bit.ly/336nzNZ",
    "effectiveTemperature" : 5541.0
  },
  "pictureUrl" : "http://bit.ly/2Iz4jPB",
  "planets" : [ {
    "type" : "Planet",
    "name" : "HD 38529 b",
    "mass" : 1.512706E27,
    "radius" : 0.0,
    "pictureUrl" : "http://bit.ly/2Q2PngD",
    "semiMajorAxis" : 1.93579645074E7,
    "eccentricity" : 0.28,
    "orbitalPeriod" : 14.30944,
    "centralCelestialBody" : {
      "type" : "Star",
      "name" : "HD 38529",
      "mass" : 2.8043772E30,
      "radius" : 1780992.0,
      "pictureUrl" : "http://bit.ly/336nzNZ",
      "effectiveTemperature" : 5541.0
    }
  }, {
    "type" : "Planet",
    "name" : "HD 38529 c",
    "mass" : 2.465502E28,
    "radius" : 0.0,
    "pictureUrl" : "http://bit.ly/2Q2PngD",
    "semiMajorAxis" : 5.4453625044E8,
    "eccentricity" : 0.3407,
    "orbitalPeriod" : 2136.1,
    "centralCelestialBody" : {
      "type" : "Star",
      "name" : "HD 38529",
      "mass" : 2.8043772E30,
      "radius" : 1780992.0,
      "pictureUrl" : "http://bit.ly/336nzNZ",
      "effectiveTemperature" : 5541.0
    }
  } ]
}, {
  "name" : "HD 28678 System",
  "centerStar" : {
    "type" : "Star",
    "name" : "HD 28678",
    "mass" : 3.0430475999999997E30,
    "radius" : 4508136.0,
    "pictureUrl" : "http://bit.ly/336nzNZ",
    "effectiveTemperature" : 4972.0
  },
  "pictureUrl" : "http://bit.ly/2Iz4jPB",
  "planets" : [ {
    "type" : "Planet",
    "name" : "HD 28678 b",
    "mass" : 2.926716E27,
    "radius" : 0.0,
    "pictureUrl" : "http://bit.ly/2Q2PngD",
    "semiMajorAxis" : 1.7652548778E8,
    "eccentricity" : 0.149,
    "orbitalPeriod" : 380.2,
    "centralCelestialBody" : {
      "type" : "Star",
      "name" : "HD 28678",
      "mass" : 3.0430475999999997E30,
      "radius" : 4508136.0,
      "pictureUrl" : "http://bit.ly/336nzNZ",
      "effectiveTemperature" : 4972.0
    }
  } ]
}, {
  "name" : "Kepler-44 System",
  "centerStar" : {
    "type" : "Star",
    "name" : "Kepler-44",
    "mass" : 2.2275904000000002E30,
    "radius" : 939195.0000000001,
    "pictureUrl" : "http://bit.ly/336nzNZ",
    "effectiveTemperature" : 5800.0
  },
  "pictureUrl" : "http://bit.ly/2Iz4jPB",
  "planets" : [ {
    "type" : "Planet",
    "name" : "Kepler-44 b",
    "mass" : 1.898E27,
    "radius" : 77926.28,
    "pictureUrl" : "http://bit.ly/2Q2PngD",
    "semiMajorAxis" : 6672065.0466,
    "eccentricity" : 0.066,
    "orbitalPeriod" : 3.2467293,
    "centralCelestialBody" : {
      "type" : "Star",
      "name" : "Kepler-44",
      "mass" : 2.2275904000000002E30,
      "radius" : 939195.0000000001,
      "pictureUrl" : "http://bit.ly/336nzNZ",
      "effectiveTemperature" : 5800.0
    }
  } ]
}, {
  "name" : "WASP-170 System",
  "centerStar" : {
    "type" : "Star",
    "name" : "WASP-170",
    "mass" : 1.8496956E30,
    "radius" : 653958.0,
    "pictureUrl" : "http://bit.ly/336nzNZ",
    "effectiveTemperature" : 5600.0
  },
  "pictureUrl" : "http://bit.ly/2Iz4jPB",
  "planets" : [ {
    "type" : "Planet",
    "name" : "WASP-170 b",
    "mass" : 3.0368E27,
    "radius" : 78355.232,
    "pictureUrl" : "http://bit.ly/2Q2PngD",
    "semiMajorAxis" : 5041448.2527,
    "eccentricity" : 0.0,
    "orbitalPeriod" : 2.34478022,
    "centralCelestialBody" : {
      "type" : "Star",
      "name" : "WASP-170",
      "mass" : 1.8496956E30,
      "radius" : 653958.0,
      "pictureUrl" : "http://bit.ly/336nzNZ",
      "effectiveTemperature" : 5600.0
    }
  } ]
}, {
  "name" : "K2-122 System",
  "centerStar" : {
    "type" : "Star",
    "name" : "K2-122",
    "mass" : 1.2331304E30,
    "radius" : 417420.0,
    "pictureUrl" : "http://bit.ly/336nzNZ",
    "effectiveTemperature" : 4027.0
  },
  "pictureUrl" : "http://bit.ly/2Iz4jPB",
  "planets" : [ {
    "type" : "Planet",
    "name" : "K2-122 b",
    "mass" : 0.0,
    "radius" : 7721.1359999999995,
    "pictureUrl" : "http://bit.ly/2Q2PngD",
    "semiMajorAxis" : 4263539.3235,
    "eccentricity" : 0.0,
    "orbitalPeriod" : 2.219282,
    "centralCelestialBody" : {
      "type" : "Star",
      "name" : "K2-122",
      "mass" : 1.2331304E30,
      "radius" : 417420.0,
      "pictureUrl" : "http://bit.ly/336nzNZ",
      "effectiveTemperature" : 4027.0
    }
  } ]
}, {
  "name" : "K2-278 System",
  "centerStar" : {
    "type" : "Star",
    "name" : "K2-278",
    "mass" : 2.7844879999999997E30,
    "radius" : 1120077.0,
    "pictureUrl" : "http://bit.ly/336nzNZ",
    "effectiveTemperature" : 6747.0
  },
  "pictureUrl" : "http://bit.ly/2Iz4jPB",
  "planets" : [ {
    "type" : "Planet",
    "name" : "K2-278 b",
    "mass" : 0.0,
    "radius" : 19016.872,
    "pictureUrl" : "http://bit.ly/2Q2PngD",
    "semiMajorAxis" : 7300376.104800001,
    "eccentricity" : 0.0,
    "orbitalPeriod" : 3.334966,
    "centralCelestialBody" : {
      "type" : "Star",
      "name" : "K2-278",
      "mass" : 2.7844879999999997E30,
      "radius" : 1120077.0,
      "pictureUrl" : "http://bit.ly/336nzNZ",
      "effectiveTemperature" : 6747.0
    }
  } ]
}, {
  "name" : "Kepler-55 System",
  "centerStar" : {
    "type" : "Star",
    "name" : "Kepler-55",
    "mass" : 0.0,
    "radius" : 431334.0,
    "pictureUrl" : "http://bit.ly/336nzNZ",
    "effectiveTemperature" : 4503.0
  },
  "pictureUrl" : "http://bit.ly/2Iz4jPB",
  "planets" : [ {
    "type" : "Planet",
    "name" : "Kepler-55 b",
    "mass" : 2.82802E27,
    "radius" : 15513.764,
    "pictureUrl" : "http://bit.ly/2Q2PngD",
    "semiMajorAxis" : 0.0,
    "eccentricity" : 0.0,
    "orbitalPeriod" : 27.9481449,
    "centralCelestialBody" : {
      "type" : "Star",
      "name" : "Kepler-55",
      "mass" : 0.0,
      "radius" : 431334.0,
      "pictureUrl" : "http://bit.ly/336nzNZ",
      "effectiveTemperature" : 4503.0
    }
  }, {
    "type" : "Planet",
    "name" : "Kepler-55 c",
    "mass" : 2.10678E27,
    "radius" : 14083.924,
    "pictureUrl" : "http://bit.ly/2Q2PngD",
    "semiMajorAxis" : 0.0,
    "eccentricity" : 0.0,
    "orbitalPeriod" : 42.1516418,
    "centralCelestialBody" : {
      "type" : "Star",
      "name" : "Kepler-55",
      "mass" : 0.0,
      "radius" : 431334.0,
      "pictureUrl" : "http://bit.ly/336nzNZ",
      "effectiveTemperature" : 4503.0
    }
  }, {
    "type" : "Planet",
    "name" : "Kepler-55 d",
    "mass" : 0.0,
    "radius" : 10151.864,
    "pictureUrl" : "http://bit.ly/2Q2PngD",
    "semiMajorAxis" : 4338338.259000001,
    "eccentricity" : 0.0,
    "orbitalPeriod" : 2.211099,
    "centralCelestialBody" : {
      "type" : "Star",
      "name" : "Kepler-55",
      "mass" : 0.0,
      "radius" : 431334.0,
      "pictureUrl" : "http://bit.ly/336nzNZ",
      "effectiveTemperature" : 4503.0
    }
  }, {
    "type" : "Planet",
    "name" : "Kepler-55 e",
    "mass" : 0.0,
    "radius" : 9865.896,
    "pictureUrl" : "http://bit.ly/2Q2PngD",
    "semiMajorAxis" : 7180697.808,
    "eccentricity" : 0.0,
    "orbitalPeriod" : 4.617534,
    "centralCelestialBody" : {
      "type" : "Star",
      "name" : "Kepler-55",
      "mass" : 0.0,
      "radius" : 431334.0,
      "pictureUrl" : "http://bit.ly/336nzNZ",
      "effectiveTemperature" : 4503.0
    }
  }, {
    "type" : "Planet",
    "name" : "Kepler-55 f",
    "mass" : 0.0,
    "radius" : 10151.864,
    "pictureUrl" : "http://bit.ly/2Q2PngD",
    "semiMajorAxis" : 1.2117427551E7,
    "eccentricity" : 0.0,
    "orbitalPeriod" : 10.198545,
    "centralCelestialBody" : {
      "type" : "Star",
      "name" : "Kepler-55",
      "mass" : 0.0,
      "radius" : 431334.0,
      "pictureUrl" : "http://bit.ly/336nzNZ",
      "effectiveTemperature" : 4503.0
    }
  } ]
}, {
  "name" : "Kepler-182 System",
  "centerStar" : {
    "type" : "Star",
    "name" : "Kepler-182",
    "mass" : 0.0,
    "radius" : 800054.9999999999,
    "pictureUrl" : "http://bit.ly/336nzNZ",
    "effectiveTemperature" : 6250.0
  },
  "pictureUrl" : "http://bit.ly/2Iz4jPB",
  "planets" : [ {
    "type" : "Planet",
    "name" : "Kepler-182 b",
    "mass" : 0.0,
    "radius" : 16443.16,
    "pictureUrl" : "http://bit.ly/2Q2PngD",
    "semiMajorAxis" : 1.4361395616E7,
    "eccentricity" : 0.0,
    "orbitalPeriod" : 9.825792,
    "centralCelestialBody" : {
      "type" : "Star",
      "name" : "Kepler-182",
      "mass" : 0.0,
      "radius" : 800054.9999999999,
      "pictureUrl" : "http://bit.ly/336nzNZ",
      "effectiveTemperature" : 6250.0
    }
  }, {
    "type" : "Planet",
    "name" : "Kepler-182 c",
    "mass" : 0.0,
    "radius" : 21876.552,
    "pictureUrl" : "http://bit.ly/2Q2PngD",
    "semiMajorAxis" : 2.3486865747E7,
    "eccentricity" : 0.0,
    "orbitalPeriod" : 20.684342,
    "centralCelestialBody" : {
      "type" : "Star",
      "name" : "Kepler-182",
      "mass" : 0.0,
      "radius" : 800054.9999999999,
      "pictureUrl" : "http://bit.ly/336nzNZ",
      "effectiveTemperature" : 6250.0
    }
  } ]
}, {
  "name" : "Kepler-1304 System",
  "centerStar" : {
    "type" : "Star",
    "name" : "Kepler-1304",
    "mass" : 1.690582E30,
    "radius" : 563517.0,
    "pictureUrl" : "http://bit.ly/336nzNZ",
    "effectiveTemperature" : 5259.0
  },
  "pictureUrl" : "http://bit.ly/2Iz4jPB",
  "planets" : [ {
    "type" : "Planet",
    "name" : "Kepler-1304 b",
    "mass" : 0.0,
    "radius" : 14584.367999999999,
    "pictureUrl" : "http://bit.ly/2Q2PngD",
    "semiMajorAxis" : 0.0,
    "eccentricity" : 0.0,
    "orbitalPeriod" : 16.1288853,
    "centralCelestialBody" : {
      "type" : "Star",
      "name" : "Kepler-1304",
      "mass" : 1.690582E30,
      "radius" : 563517.0,
      "pictureUrl" : "http://bit.ly/336nzNZ",
      "effectiveTemperature" : 5259.0
    }
  } ]
}, {
  "name" : "Kepler-171 System",
  "centerStar" : {
    "type" : "Star",
    "name" : "Kepler-171",
    "mass" : 0.0,
    "radius" : 584388.0,
    "pictureUrl" : "http://bit.ly/336nzNZ",
    "effectiveTemperature" : 5642.0
  },
  "pictureUrl" : "http://bit.ly/2Iz4jPB",
  "planets" : [ {
    "type" : "Planet",
    "name" : "Kepler-171 b",
    "mass" : 0.0,
    "radius" : 14941.828,
    "pictureUrl" : "http://bit.ly/2Q2PngD",
    "semiMajorAxis" : 7479893.550000001,
    "eccentricity" : 0.0,
    "orbitalPeriod" : 4.166972,
    "centralCelestialBody" : {
      "type" : "Star",
      "name" : "Kepler-171",
      "mass" : 0.0,
      "radius" : 584388.0,
      "pictureUrl" : "http://bit.ly/336nzNZ",
      "effectiveTemperature" : 5642.0
    }
  }, {
    "type" : "Planet",
    "name" : "Kepler-171 c",
    "mass" : 0.0,
    "radius" : 16300.176000000001,
    "pictureUrl" : "http://bit.ly/2Q2PngD",
    "semiMajorAxis" : 1.4660591358000001E7,
    "eccentricity" : 0.0,
    "orbitalPeriod" : 11.463462,
    "centralCelestialBody" : {
      "type" : "Star",
      "name" : "Kepler-171",
      "mass" : 0.0,
      "radius" : 584388.0,
      "pictureUrl" : "http://bit.ly/336nzNZ",
      "effectiveTemperature" : 5642.0
    }
  }, {
    "type" : "Planet",
    "name" : "Kepler-171 d",
    "mass" : 0.0,
    "radius" : 12082.148000000001,
    "pictureUrl" : "http://bit.ly/2Q2PngD",
    "semiMajorAxis" : 3.3360325233E7,
    "eccentricity" : 0.0,
    "orbitalPeriod" : 39.595519,
    "centralCelestialBody" : {
      "type" : "Star",
      "name" : "Kepler-171",
      "mass" : 0.0,
      "radius" : 584388.0,
      "pictureUrl" : "http://bit.ly/336nzNZ",
      "effectiveTemperature" : 5642.0
    }
  } ]
}, {
  "name" : "1RXS J160929.1-210524 System",
  "centerStar" : {
    "type" : "Star",
    "name" : "1RXS J160929.1-210524",
    "mass" : 1.690582E30,
    "radius" : 0.0,
    "pictureUrl" : "http://bit.ly/336nzNZ",
    "effectiveTemperature" : 4060.0
  },
  "pictureUrl" : "http://bit.ly/2Iz4jPB",
  "planets" : [ {
    "type" : "Planet",
    "name" : "1RXS J160929.1-210524 b",
    "mass" : 1.5184E28,
    "radius" : 0.0,
    "pictureUrl" : "http://bit.ly/2Q2PngD",
    "semiMajorAxis" : 4.936729743E10,
    "eccentricity" : 0.0,
    "orbitalPeriod" : 0.0,
    "centralCelestialBody" : {
      "type" : "Star",
      "name" : "1RXS J160929.1-210524",
      "mass" : 1.690582E30,
      "radius" : 0.0,
      "pictureUrl" : "http://bit.ly/336nzNZ",
      "effectiveTemperature" : 4060.0
    }
  } ]
}, {
  "name" : "Kepler-66 System",
  "centerStar" : {
    "type" : "Star",
    "name" : "Kepler-66",
    "mass" : 2.0684768E30,
    "radius" : 674829.0,
    "pictureUrl" : "http://bit.ly/336nzNZ",
    "effectiveTemperature" : 5962.0
  },
  "pictureUrl" : "http://bit.ly/2Iz4jPB",
  "planets" : [ {
    "type" : "Planet",
    "name" : "Kepler-66 b",
    "mass" : 0.0,
    "radius" : 17873.0,
    "pictureUrl" : "http://bit.ly/2Q2PngD",
    "semiMajorAxis" : 2.0225632159199998E7,
    "eccentricity" : 0.0,
    "orbitalPeriod" : 17.815815,
    "centralCelestialBody" : {
      "type" : "Star",
      "name" : "Kepler-66",
      "mass" : 2.0684768E30,
      "radius" : 674829.0,
      "pictureUrl" : "http://bit.ly/336nzNZ",
      "effectiveTemperature" : 5962.0
    }
  } ]
}, {
  "name" : "Kepler-8 System",
  "centerStar" : {
    "type" : "Star",
    "name" : "Kepler-8",
    "mass" : 2.4065931999999998E30,
    "radius" : 1036593.0,
    "pictureUrl" : "http://bit.ly/336nzNZ",
    "effectiveTemperature" : 6213.0
  },
  "pictureUrl" : "http://bit.ly/2Iz4jPB",
  "planets" : [ {
    "type" : "Planet",
    "name" : "Kepler-8 b",
    "mass" : 1.1198199999999999E27,
    "radius" : 101232.67199999999,
    "pictureUrl" : "http://bit.ly/2Q2PngD",
    "semiMajorAxis" : 7090939.085399999,
    "eccentricity" : 0.0,
    "orbitalPeriod" : 3.5224991,
    "centralCelestialBody" : {
      "type" : "Star",
      "name" : "Kepler-8",
      "mass" : 2.4065931999999998E30,
      "radius" : 1036593.0,
      "pictureUrl" : "http://bit.ly/336nzNZ",
      "effectiveTemperature" : 6213.0
    }
  } ]
}, {
  "name" : "Kepler-965 System",
  "centerStar" : {
    "type" : "Star",
    "name" : "Kepler-965",
    "mass" : 2.088366E30,
    "radius" : 800054.9999999999,
    "pictureUrl" : "http://bit.ly/336nzNZ",
    "effectiveTemperature" : 5886.0
  },
  "pictureUrl" : "http://bit.ly/2Iz4jPB",
  "planets" : [ {
    "type" : "Planet",
    "name" : "Kepler-965 b",
    "mass" : 0.0,
    "radius" : 21590.584,
    "pictureUrl" : "http://bit.ly/2Q2PngD",
    "semiMajorAxis" : 0.0,
    "eccentricity" : 0.0,
    "orbitalPeriod" : 134.2527298,
    "centralCelestialBody" : {
      "type" : "Star",
      "name" : "Kepler-965",
      "mass" : 2.088366E30,
      "radius" : 800054.9999999999,
      "pictureUrl" : "http://bit.ly/336nzNZ",
      "effectiveTemperature" : 5886.0
    }
  } ]
}, {
  "name" : "Kepler-976 System",
  "centerStar" : {
    "type" : "Star",
    "name" : "Kepler-976",
    "mass" : 1.7303604E30,
    "radius" : 577431.0,
    "pictureUrl" : "http://bit.ly/336nzNZ",
    "effectiveTemperature" : 5232.0
  },
  "pictureUrl" : "http://bit.ly/2Iz4jPB",
  "planets" : [ {
    "type" : "Planet",
    "name" : "Kepler-976 b",
    "mass" : 0.0,
    "radius" : 25236.676,
    "pictureUrl" : "http://bit.ly/2Q2PngD",
    "semiMajorAxis" : 0.0,
    "eccentricity" : 0.0,
    "orbitalPeriod" : 105.9564148,
    "centralCelestialBody" : {
      "type" : "Star",
      "name" : "Kepler-976",
      "mass" : 1.7303604E30,
      "radius" : 577431.0,
      "pictureUrl" : "http://bit.ly/336nzNZ",
      "effectiveTemperature" : 5232.0
    }
  } ]
}, {
  "name" : "Kepler-207 System",
  "centerStar" : {
    "type" : "Star",
    "name" : "Kepler-207",
    "mass" : 0.0,
    "radius" : 1106163.0,
    "pictureUrl" : "http://bit.ly/336nzNZ",
    "effectiveTemperature" : 5920.0
  },
  "pictureUrl" : "http://bit.ly/2Iz4jPB",
  "planets" : [ {
    "type" : "Planet",
    "name" : "Kepler-207 b",
    "mass" : 0.0,
    "radius" : 10008.880000000001,
    "pictureUrl" : "http://bit.ly/2Q2PngD",
    "semiMajorAxis" : 4338338.259000001,
    "eccentricity" : 0.0,
    "orbitalPeriod" : 1.611865,
    "centralCelestialBody" : {
      "type" : "Star",
      "name" : "Kepler-207",
      "mass" : 0.0,
      "radius" : 1106163.0,
      "pictureUrl" : "http://bit.ly/336nzNZ",
      "effectiveTemperature" : 5920.0
    }
  }, {
    "type" : "Planet",
    "name" : "Kepler-207 c",
    "mass" : 0.0,
    "radius" : 9579.928,
    "pictureUrl" : "http://bit.ly/2Q2PngD",
    "semiMajorAxis" : 6582306.324,
    "eccentricity" : 0.0,
    "orbitalPeriod" : 3.071571,
    "centralCelestialBody" : {
      "type" : "Star",
      "name" : "Kepler-207",
      "mass" : 0.0,
      "radius" : 1106163.0,
      "pictureUrl" : "http://bit.ly/336nzNZ",
      "effectiveTemperature" : 5920.0
    }
  }, {
    "type" : "Planet",
    "name" : "Kepler-207 d",
    "mass" : 0.0,
    "radius" : 21090.14,
    "pictureUrl" : "http://bit.ly/2Q2PngD",
    "semiMajorAxis" : 1.0172655228E7,
    "eccentricity" : 0.0,
    "orbitalPeriod" : 5.868075,
    "centralCelestialBody" : {
      "type" : "Star",
      "name" : "Kepler-207",
      "mass" : 0.0,
      "radius" : 1106163.0,
      "pictureUrl" : "http://bit.ly/336nzNZ",
      "effectiveTemperature" : 5920.0
    }
  } ]
}, {
  "name" : "LkCa 15 System",
  "centerStar" : {
    "type" : "Star",
    "name" : "LkCa 15",
    "mass" : 0.0,
    "radius" : 0.0,
    "pictureUrl" : "http://bit.ly/336nzNZ",
    "effectiveTemperature" : 0.0
  },
  "pictureUrl" : "http://bit.ly/2Iz4jPB",
  "planets" : [ {
    "type" : "Planet",
    "name" : "LkCa 15 b",
    "mass" : 0.0,
    "radius" : 0.0,
    "pictureUrl" : "http://bit.ly/2Q2PngD",
    "semiMajorAxis" : 2.1990887037E9,
    "eccentricity" : 0.0,
    "orbitalPeriod" : 0.0,
    "centralCelestialBody" : {
      "type" : "Star",
      "name" : "LkCa 15",
      "mass" : 0.0,
      "radius" : 0.0,
      "pictureUrl" : "http://bit.ly/336nzNZ",
      "effectiveTemperature" : 0.0
    }
  }, {
    "type" : "Planet",
    "name" : "LkCa 15 c",
    "mass" : 0.0,
    "radius" : 0.0,
    "pictureUrl" : "http://bit.ly/2Q2PngD",
    "semiMajorAxis" : 2.7825204006000004E9,
    "eccentricity" : 0.0,
    "orbitalPeriod" : 0.0,
    "centralCelestialBody" : {
      "type" : "Star",
      "name" : "LkCa 15",
      "mass" : 0.0,
      "radius" : 0.0,
      "pictureUrl" : "http://bit.ly/336nzNZ",
      "effectiveTemperature" : 0.0
    }
  } ]
}, {
  "name" : "11 UMi System",
  "centerStar" : {
    "type" : "Star",
    "name" : "11 UMi",
    "mass" : 5.5291976E30,
    "radius" : 2.0724903E7,
    "pictureUrl" : "http://bit.ly/336nzNZ",
    "effectiveTemperature" : 4213.0
  },
  "pictureUrl" : "http://bit.ly/2Iz4jPB",
  "planets" : [ {
    "type" : "Planet",
    "name" : "11 UMi b",
    "mass" : 2.797652E28,
    "radius" : 0.0,
    "pictureUrl" : "http://bit.ly/2Q2PngD",
    "semiMajorAxis" : 2.2888474263E8,
    "eccentricity" : 0.08,
    "orbitalPeriod" : 516.21997,
    "centralCelestialBody" : {
      "type" : "Star",
      "name" : "11 UMi",
      "mass" : 5.5291976E30,
      "radius" : 2.0724903E7,
      "pictureUrl" : "http://bit.ly/336nzNZ",
      "effectiveTemperature" : 4213.0
    }
  } ]
}, {
  "name" : "HD 178911 B System",
  "centerStar" : {
    "type" : "Star",
    "name" : "HD 178911 B",
    "mass" : 2.4662608E30,
    "radius" : 751356.0,
    "pictureUrl" : "http://bit.ly/336nzNZ",
    "effectiveTemperature" : 5588.0
  },
  "pictureUrl" : "http://bit.ly/2Iz4jPB",
  "planets" : [ {
    "type" : "Planet",
    "name" : "HD 178911 B b",
    "mass" : 1.524094E28,
    "radius" : 0.0,
    "pictureUrl" : "http://bit.ly/2Q2PngD",
    "semiMajorAxis" : 5.086327614E7,
    "eccentricity" : 0.11,
    "orbitalPeriod" : 71.484,
    "centralCelestialBody" : {
      "type" : "Star",
      "name" : "HD 178911 B",
      "mass" : 2.4662608E30,
      "radius" : 751356.0,
      "pictureUrl" : "http://bit.ly/336nzNZ",
      "effectiveTemperature" : 5588.0
    }
  } ]
}, {
  "name" : "Kepler-1051 System",
  "centerStar" : {
    "type" : "Star",
    "name" : "Kepler-1051",
    "mass" : 2.8441556E30,
    "radius" : 1203561.0,
    "pictureUrl" : "http://bit.ly/336nzNZ",
    "effectiveTemperature" : 6675.0
  },
  "pictureUrl" : "http://bit.ly/2Iz4jPB",
  "planets" : [ {
    "type" : "Planet",
    "name" : "Kepler-1051 b",
    "mass" : 0.0,
    "radius" : 21662.076,
    "pictureUrl" : "http://bit.ly/2Q2PngD",
    "semiMajorAxis" : 0.0,
    "eccentricity" : 0.0,
    "orbitalPeriod" : 25.96200249,
    "centralCelestialBody" : {
      "type" : "Star",
      "name" : "Kepler-1051",
      "mass" : 2.8441556E30,
      "radius" : 1203561.0,
      "pictureUrl" : "http://bit.ly/336nzNZ",
      "effectiveTemperature" : 6675.0
    }
  } ]
}, {
  "name" : "Kepler-1062 System",
  "centerStar" : {
    "type" : "Star",
    "name" : "Kepler-1062",
    "mass" : 1.49169E30,
    "radius" : 486989.99999999994,
    "pictureUrl" : "http://bit.ly/336nzNZ",
    "effectiveTemperature" : 4597.0
  },
  "pictureUrl" : "http://bit.ly/2Iz4jPB",
  "planets" : [ {
    "type" : "Planet",
    "name" : "Kepler-1062 b",
    "mass" : 0.0,
    "radius" : 11224.244,
    "pictureUrl" : "http://bit.ly/2Q2PngD",
    "semiMajorAxis" : 0.0,
    "eccentricity" : 0.0,
    "orbitalPeriod" : 9.30412078,
    "centralCelestialBody" : {
      "type" : "Star",
      "name" : "Kepler-1062",
      "mass" : 1.49169E30,
      "radius" : 486989.99999999994,
      "pictureUrl" : "http://bit.ly/336nzNZ",
      "effectiveTemperature" : 4597.0
    }
  } ]
}, {
  "name" : "Kepler-111 System",
  "centerStar" : {
    "type" : "Star",
    "name" : "Kepler-111",
    "mass" : 0.0,
    "radius" : 807012.0,
    "pictureUrl" : "http://bit.ly/336nzNZ",
    "effectiveTemperature" : 5952.0
  },
  "pictureUrl" : "http://bit.ly/2Iz4jPB",
  "planets" : [ {
    "type" : "Planet",
    "name" : "Kepler-111 b",
    "mass" : 0.0,
    "radius" : 10080.372,
    "pictureUrl" : "http://bit.ly/2Q2PngD",
    "semiMajorAxis" : 6881502.066,
    "eccentricity" : 0.0,
    "orbitalPeriod" : 3.341815,
    "centralCelestialBody" : {
      "type" : "Star",
      "name" : "Kepler-111",
      "mass" : 0.0,
      "radius" : 807012.0,
      "pictureUrl" : "http://bit.ly/336nzNZ",
      "effectiveTemperature" : 5952.0
    }
  }, {
    "type" : "Planet",
    "name" : "Kepler-111 c",
    "mass" : 0.0,
    "radius" : 46541.292,
    "pictureUrl" : "http://bit.ly/2Q2PngD",
    "semiMajorAxis" : 1.13843979831E8,
    "eccentricity" : 0.0,
    "orbitalPeriod" : 224.784608,
    "centralCelestialBody" : {
      "type" : "Star",
      "name" : "Kepler-111",
      "mass" : 0.0,
      "radius" : 807012.0,
      "pictureUrl" : "http://bit.ly/336nzNZ",
      "effectiveTemperature" : 5952.0
    }
  } ]
}, {
  "name" : "Kepler-880 System",
  "centerStar" : {
    "type" : "Star",
    "name" : "Kepler-880",
    "mass" : 2.9038232E30,
    "radius" : 1210518.0,
    "pictureUrl" : "http://bit.ly/336nzNZ",
    "effectiveTemperature" : 6761.0
  },
  "pictureUrl" : "http://bit.ly/2Iz4jPB",
  "planets" : [ {
    "type" : "Planet",
    "name" : "Kepler-880 b",
    "mass" : 0.0,
    "radius" : 16943.604,
    "pictureUrl" : "http://bit.ly/2Q2PngD",
    "semiMajorAxis" : 0.0,
    "eccentricity" : 0.0,
    "orbitalPeriod" : 7.71468975,
    "centralCelestialBody" : {
      "type" : "Star",
      "name" : "Kepler-880",
      "mass" : 2.9038232E30,
      "radius" : 1210518.0,
      "pictureUrl" : "http://bit.ly/336nzNZ",
      "effectiveTemperature" : 6761.0
    }
  } ]
}, {
  "name" : "OGLE-2015-BLG-0051L System",
  "centerStar" : {
    "type" : "Star",
    "name" : "OGLE-2015-BLG-0051L",
    "mass" : 1.98892E29,
    "radius" : 0.0,
    "pictureUrl" : "http://bit.ly/336nzNZ",
    "effectiveTemperature" : 0.0
  },
  "pictureUrl" : "http://bit.ly/2Iz4jPB",
  "planets" : [ {
    "type" : "Planet",
    "name" : "OGLE-2015-BLG-0051L b",
    "mass" : 1.36656E27,
    "radius" : 0.0,
    "pictureUrl" : "http://bit.ly/2Q2PngD",
    "semiMajorAxis" : 1.0920644583E8,
    "eccentricity" : 0.0,
    "orbitalPeriod" : 0.0,
    "centralCelestialBody" : {
      "type" : "Star",
      "name" : "OGLE-2015-BLG-0051L",
      "mass" : 1.98892E29,
      "radius" : 0.0,
      "pictureUrl" : "http://bit.ly/336nzNZ",
      "effectiveTemperature" : 0.0
    }
  } ]
}, {
  "name" : "Kepler-413 System",
  "centerStar" : {
    "type" : "Star",
    "name" : "Kepler-413",
    "mass" : 1.6309143999999998E30,
    "radius" : 542646.0,
    "pictureUrl" : "http://bit.ly/336nzNZ",
    "effectiveTemperature" : 4700.0
  },
  "pictureUrl" : "http://bit.ly/2Iz4jPB",
  "planets" : [ {
    "type" : "Planet",
    "name" : "Kepler-413 b",
    "mass" : 4.00478E26,
    "radius" : 27738.896,
    "pictureUrl" : "http://bit.ly/2Q2PngD",
    "semiMajorAxis" : 5.31521235663E7,
    "eccentricity" : 0.1181,
    "orbitalPeriod" : 66.262,
    "centralCelestialBody" : {
      "type" : "Star",
      "name" : "Kepler-413",
      "mass" : 1.6309143999999998E30,
      "radius" : 542646.0,
      "pictureUrl" : "http://bit.ly/336nzNZ",
      "effectiveTemperature" : 4700.0
    }
  } ]
}, {
  "name" : "Kepler-11 System",
  "centerStar" : {
    "type" : "Star",
    "name" : "Kepler-11",
    "mass" : 1.9093631999999998E30,
    "radius" : 737442.0,
    "pictureUrl" : "http://bit.ly/2Iz4jPB",
    "effectiveTemperature" : 5663.0
  },
  "pictureUrl" : "http://bit.ly/39z5RVD",
  "planets" : [ {
    "type" : "Planet",
    "name" : "Kepler-11 b",
    "mass" : 1.1388E25,
    "radius" : 11510.212,
    "pictureUrl" : "http://bit.ly/2Q2PngD",
    "semiMajorAxis" : 1.3613406261E7,
    "eccentricity" : 0.045,
    "orbitalPeriod" : 10.3039,
    "centralCelestialBody" : {
      "type" : "Star",
      "name" : "Kepler-11",
      "mass" : 1.9093631999999998E30,
      "radius" : 737442.0,
      "pictureUrl" : "http://bit.ly/2Iz4jPB",
      "effectiveTemperature" : 5663.0
    }
  }, {
    "type" : "Planet",
    "name" : "Kepler-11 c",
    "mass" : 1.7081999999999998E25,
    "radius" : 18301.952,
    "pictureUrl" : "http://bit.ly/2Q2PngD",
    "semiMajorAxis" : 1.6006972196999999E7,
    "eccentricity" : 0.026,
    "orbitalPeriod" : 13.0241,
    "centralCelestialBody" : {
      "type" : "Star",
      "name" : "Kepler-11",
      "mass" : 1.9093631999999998E30,
      "radius" : 737442.0,
      "pictureUrl" : "http://bit.ly/2Iz4jPB",
      "effectiveTemperature" : 5663.0
    }
  }, {
    "type" : "Planet",
    "name" : "Kepler-11 d",
    "mass" : 4.3654E25,
    "radius" : 19874.776,
    "pictureUrl" : "http://bit.ly/2Q2PngD",
    "semiMajorAxis" : 2.3187670005E7,
    "eccentricity" : 0.004,
    "orbitalPeriod" : 22.6845,
    "centralCelestialBody" : {
      "type" : "Star",
      "name" : "Kepler-11",
      "mass" : 1.9093631999999998E30,
      "radius" : 737442.0,
      "pictureUrl" : "http://bit.ly/2Iz4jPB",
      "effectiveTemperature" : 5663.0
    }
  }, {
    "type" : "Planet",
    "name" : "Kepler-11 e",
    "mass" : 4.745E25,
    "radius" : 26738.008,
    "pictureUrl" : "http://bit.ly/2Q2PngD",
    "semiMajorAxis" : 2.9171584845000003E7,
    "eccentricity" : 0.012,
    "orbitalPeriod" : 31.9996,
    "centralCelestialBody" : {
      "type" : "Star",
      "name" : "Kepler-11",
      "mass" : 1.9093631999999998E30,
      "radius" : 737442.0,
      "pictureUrl" : "http://bit.ly/2Iz4jPB",
      "effectiveTemperature" : 5663.0
    }
  }, {
    "type" : "Planet",
    "name" : "Kepler-11 f",
    "mass" : 1.1388E25,
    "radius" : 15871.224,
    "pictureUrl" : "http://bit.ly/2Q2PngD",
    "semiMajorAxis" : 3.739946775E7,
    "eccentricity" : 0.013,
    "orbitalPeriod" : 46.6888,
    "centralCelestialBody" : {
      "type" : "Star",
      "name" : "Kepler-11",
      "mass" : 1.9093631999999998E30,
      "radius" : 737442.0,
      "pictureUrl" : "http://bit.ly/2Iz4jPB",
      "effectiveTemperature" : 5663.0
    }
  }, {
    "type" : "Planet",
    "name" : "Kepler-11 g",
    "mass" : 1.49942E26,
    "radius" : 21233.124,
    "pictureUrl" : "http://bit.ly/2Q2PngD",
    "semiMajorAxis" : 6.9712607886E7,
    "eccentricity" : 0.15,
    "orbitalPeriod" : 118.3807,
    "centralCelestialBody" : {
      "type" : "Star",
      "name" : "Kepler-11",
      "mass" : 1.9093631999999998E30,
      "radius" : 737442.0,
      "pictureUrl" : "http://bit.ly/2Iz4jPB",
      "effectiveTemperature" : 5663.0
    }
  } ]
}, {
  "name" : "WASP-49 System",
  "centerStar" : {
    "type" : "Star",
    "name" : "WASP-49",
    "mass" : 1.8298064E30,
    "radius" : 674829.0,
    "pictureUrl" : "http://bit.ly/336nzNZ",
    "effectiveTemperature" : 5600.0
  },
  "pictureUrl" : "http://bit.ly/2Iz4jPB",
  "planets" : [ {
    "type" : "Planet",
    "name" : "WASP-49 b",
    "mass" : 7.022599999999999E26,
    "radius" : 79356.12000000001,
    "pictureUrl" : "http://bit.ly/2Q2PngD",
    "semiMajorAxis" : 0.0,
    "eccentricity" : 0.0,
    "orbitalPeriod" : 2.78174,
    "centralCelestialBody" : {
      "type" : "Star",
      "name" : "WASP-49",
      "mass" : 1.8298064E30,
      "radius" : 674829.0,
      "pictureUrl" : "http://bit.ly/336nzNZ",
      "effectiveTemperature" : 5600.0
    }
  } ]
}, {
  "name" : "K2-11 System",
  "centerStar" : {
    "type" : "Star",
    "name" : "K2-11",
    "mass" : 2.685042E30,
    "radius" : 3582855.0000000005,
    "pictureUrl" : "http://bit.ly/336nzNZ",
    "effectiveTemperature" : 5433.0
  },
  "pictureUrl" : "http://bit.ly/2Iz4jPB",
  "planets" : [ {
    "type" : "Planet",
    "name" : "K2-11 b",
    "mass" : 0.0,
    "radius" : 48185.608,
    "pictureUrl" : "http://bit.ly/2Q2PngD",
    "semiMajorAxis" : 3.37642394847E7,
    "eccentricity" : 0.0,
    "orbitalPeriod" : 39.93767,
    "centralCelestialBody" : {
      "type" : "Star",
      "name" : "K2-11",
      "mass" : 2.685042E30,
      "radius" : 3582855.0000000005,
      "pictureUrl" : "http://bit.ly/336nzNZ",
      "effectiveTemperature" : 5433.0
    }
  } ]
}, {
  "name" : "K2-111 System",
  "centerStar" : {
    "type" : "Star",
    "name" : "K2-111",
    "mass" : 1.7502496E30,
    "radius" : 855711.0,
    "pictureUrl" : "http://bit.ly/336nzNZ",
    "effectiveTemperature" : 5730.0
  },
  "pictureUrl" : "http://bit.ly/2Iz4jPB",
  "planets" : [ {
    "type" : "Planet",
    "name" : "K2-111 b",
    "mass" : 5.135988E25,
    "radius" : 12153.640000000001,
    "pictureUrl" : "http://bit.ly/2Q2PngD",
    "semiMajorAxis" : 9290027.7891,
    "eccentricity" : 0.0,
    "orbitalPeriod" : 5.35117,
    "centralCelestialBody" : {
      "type" : "Star",
      "name" : "K2-111",
      "mass" : 1.7502496E30,
      "radius" : 855711.0,
      "pictureUrl" : "http://bit.ly/336nzNZ",
      "effectiveTemperature" : 5730.0
    }
  } ]
}, {
  "name" : "Kepler-435 System",
  "centerStar" : {
    "type" : "Star",
    "name" : "Kepler-435",
    "mass" : 3.0629368E30,
    "radius" : 2233197.0,
    "pictureUrl" : "http://bit.ly/336nzNZ",
    "effectiveTemperature" : 6161.0
  },
  "pictureUrl" : "http://bit.ly/2Iz4jPB",
  "planets" : [ {
    "type" : "Planet",
    "name" : "Kepler-435 b",
    "mass" : 1.5943199999999998E27,
    "radius" : 142269.08,
    "pictureUrl" : "http://bit.ly/2Q2PngD",
    "semiMajorAxis" : 1.4181878170799999E7,
    "eccentricity" : 0.114,
    "orbitalPeriod" : 8.6001536,
    "centralCelestialBody" : {
      "type" : "Star",
      "name" : "Kepler-435",
      "mass" : 3.0629368E30,
      "radius" : 2233197.0,
      "pictureUrl" : "http://bit.ly/336nzNZ",
      "effectiveTemperature" : 6161.0
    }
  } ]
}, {
  "name" : "WASP-181 System",
  "centerStar" : {
    "type" : "Star",
    "name" : "WASP-181",
    "mass" : 2.0684768E30,
    "radius" : 667872.0,
    "pictureUrl" : "http://bit.ly/336nzNZ",
    "effectiveTemperature" : 5839.0
  },
  "pictureUrl" : "http://bit.ly/2Iz4jPB",
  "planets" : [ {
    "type" : "Planet",
    "name" : "WASP-181 b",
    "mass" : 5.67502E26,
    "radius" : 84646.52799999999,
    "pictureUrl" : "http://bit.ly/2Q2PngD",
    "semiMajorAxis" : 8118676.45917,
    "eccentricity" : 0.0,
    "orbitalPeriod" : 4.5195064,
    "centralCelestialBody" : {
      "type" : "Star",
      "name" : "WASP-181",
      "mass" : 2.0684768E30,
      "radius" : 667872.0,
      "pictureUrl" : "http://bit.ly/336nzNZ",
      "effectiveTemperature" : 5839.0
    }
  } ]
}, {
  "name" : "Kepler-1628 System",
  "centerStar" : {
    "type" : "Star",
    "name" : "Kepler-1628",
    "mass" : 1.093906E30,
    "radius" : 361764.0,
    "pictureUrl" : "http://bit.ly/336nzNZ",
    "effectiveTemperature" : 3724.0
  },
  "pictureUrl" : "http://bit.ly/2Iz4jPB",
  "planets" : [ {
    "type" : "Planet",
    "name" : "Kepler-1628 b",
    "mass" : 0.0,
    "radius" : 41036.407999999996,
    "pictureUrl" : "http://bit.ly/2Q2PngD",
    "semiMajorAxis" : 0.0,
    "eccentricity" : 0.0,
    "orbitalPeriod" : 76.378033,
    "centralCelestialBody" : {
      "type" : "Star",
      "name" : "Kepler-1628",
      "mass" : 1.093906E30,
      "radius" : 361764.0,
      "pictureUrl" : "http://bit.ly/336nzNZ",
      "effectiveTemperature" : 3724.0
    }
  } ]
}, {
  "name" : "Kepler-1592 System",
  "centerStar" : {
    "type" : "Star",
    "name" : "Kepler-1592",
    "mass" : 2.3469255999999997E30,
    "radius" : 890496.0,
    "pictureUrl" : "http://bit.ly/336nzNZ",
    "effectiveTemperature" : 6213.0
  },
  "pictureUrl" : "http://bit.ly/2Iz4jPB",
  "planets" : [ {
    "type" : "Planet",
    "name" : "Kepler-1592 b",
    "mass" : 0.0,
    "radius" : 9794.404,
    "pictureUrl" : "http://bit.ly/2Q2PngD",
    "semiMajorAxis" : 0.0,
    "eccentricity" : 0.0,
    "orbitalPeriod" : 3.05710069,
    "centralCelestialBody" : {
      "type" : "Star",
      "name" : "Kepler-1592",
      "mass" : 2.3469255999999997E30,
      "radius" : 890496.0,
      "pictureUrl" : "http://bit.ly/336nzNZ",
      "effectiveTemperature" : 6213.0
    }
  } ]
}, {
  "name" : "HIP 8541 System",
  "centerStar" : {
    "type" : "Star",
    "name" : "HIP 8541",
    "mass" : 2.3270363999999997E30,
    "radius" : 5447331.0,
    "pictureUrl" : "http://bit.ly/336nzNZ",
    "effectiveTemperature" : 4670.0
  },
  "pictureUrl" : "http://bit.ly/2Iz4jPB",
  "planets" : [ {
    "type" : "Planet",
    "name" : "HIP 8541 b",
    "mass" : 1.0439E28,
    "radius" : 0.0,
    "pictureUrl" : "http://bit.ly/2Q2PngD",
    "semiMajorAxis" : 4.1887403879999995E8,
    "eccentricity" : 0.16,
    "orbitalPeriod" : 1560.2,
    "centralCelestialBody" : {
      "type" : "Star",
      "name" : "HIP 8541",
      "mass" : 2.3270363999999997E30,
      "radius" : 5447331.0,
      "pictureUrl" : "http://bit.ly/336nzNZ",
      "effectiveTemperature" : 4670.0
    }
  } ]
}, {
  "name" : "HD 216435 System",
  "centerStar" : {
    "type" : "Star",
    "name" : "HD 216435",
    "mass" : 2.585596E30,
    "radius" : 0.0,
    "pictureUrl" : "http://bit.ly/336nzNZ",
    "effectiveTemperature" : 5999.0
  },
  "pictureUrl" : "http://bit.ly/2Iz4jPB",
  "planets" : [ {
    "type" : "Planet",
    "name" : "HD 216435 b",
    "mass" : 2.39148E27,
    "radius" : 0.0,
    "pictureUrl" : "http://bit.ly/2Q2PngD",
    "semiMajorAxis" : 3.8297054976E8,
    "eccentricity" : 0.07,
    "orbitalPeriod" : 1311.0,
    "centralCelestialBody" : {
      "type" : "Star",
      "name" : "HD 216435",
      "mass" : 2.585596E30,
      "radius" : 0.0,
      "pictureUrl" : "http://bit.ly/336nzNZ",
      "effectiveTemperature" : 5999.0
    }
  } ]
}, {
  "name" : "Kepler-1147 System",
  "centerStar" : {
    "type" : "Star",
    "name" : "Kepler-1147",
    "mass" : 2.1679228E30,
    "radius" : 793097.9999999999,
    "pictureUrl" : "http://bit.ly/336nzNZ",
    "effectiveTemperature" : 5941.0
  },
  "pictureUrl" : "http://bit.ly/2Iz4jPB",
  "planets" : [ {
    "type" : "Planet",
    "name" : "Kepler-1147 b",
    "mass" : 0.0,
    "radius" : 16657.636000000002,
    "pictureUrl" : "http://bit.ly/2Q2PngD",
    "semiMajorAxis" : 0.0,
    "eccentricity" : 0.0,
    "orbitalPeriod" : 10.62784997,
    "centralCelestialBody" : {
      "type" : "Star",
      "name" : "Kepler-1147",
      "mass" : 2.1679228E30,
      "radius" : 793097.9999999999,
      "pictureUrl" : "http://bit.ly/336nzNZ",
      "effectiveTemperature" : 5941.0
    }
  } ]
}, {
  "name" : "NGC 2682 Sand 978 System",
  "centerStar" : {
    "type" : "Star",
    "name" : "NGC 2682 Sand 978",
    "mass" : 2.7248204E30,
    "radius" : 0.0,
    "pictureUrl" : "http://bit.ly/336nzNZ",
    "effectiveTemperature" : 4200.0
  },
  "pictureUrl" : "http://bit.ly/2Iz4jPB",
  "planets" : [ {
    "type" : "Planet",
    "name" : "NGC 2682 Sand 978 b",
    "mass" : 4.13764E27,
    "radius" : 0.0,
    "pictureUrl" : "http://bit.ly/2Q2PngD",
    "semiMajorAxis" : 0.0,
    "eccentricity" : 0.16,
    "orbitalPeriod" : 511.21,
    "centralCelestialBody" : {
      "type" : "Star",
      "name" : "NGC 2682 Sand 978",
      "mass" : 2.7248204E30,
      "radius" : 0.0,
      "pictureUrl" : "http://bit.ly/336nzNZ",
      "effectiveTemperature" : 4200.0
    }
  } ]
}, {
  "name" : "Kepler-641 System",
  "centerStar" : {
    "type" : "Star",
    "name" : "Kepler-641",
    "mass" : 2.0286984E30,
    "radius" : 786140.9999999999,
    "pictureUrl" : "http://bit.ly/336nzNZ",
    "effectiveTemperature" : 5713.0
  },
  "pictureUrl" : "http://bit.ly/2Iz4jPB",
  "planets" : [ {
    "type" : "Planet",
    "name" : "Kepler-641 b",
    "mass" : 0.0,
    "radius" : 11796.18,
    "pictureUrl" : "http://bit.ly/2Q2PngD",
    "semiMajorAxis" : 0.0,
    "eccentricity" : 0.0,
    "orbitalPeriod" : 9.48961571,
    "centralCelestialBody" : {
      "type" : "Star",
      "name" : "Kepler-641",
      "mass" : 2.0286984E30,
      "radius" : 786140.9999999999,
      "pictureUrl" : "http://bit.ly/336nzNZ",
      "effectiveTemperature" : 5713.0
    }
  } ]
}, {
  "name" : "GJ 3634 System",
  "centerStar" : {
    "type" : "Star",
    "name" : "GJ 3634",
    "mass" : 8.95014E29,
    "radius" : 299151.0,
    "pictureUrl" : "http://bit.ly/336nzNZ",
    "effectiveTemperature" : 0.0
  },
  "pictureUrl" : "http://bit.ly/2Iz4jPB",
  "planets" : [ {
    "type" : "Planet",
    "name" : "GJ 3634 b",
    "mass" : 4.9348E25,
    "radius" : 0.0,
    "pictureUrl" : "http://bit.ly/2Q2PngD",
    "semiMajorAxis" : 4293458.8977,
    "eccentricity" : 0.08,
    "orbitalPeriod" : 2.64561,
    "centralCelestialBody" : {
      "type" : "Star",
      "name" : "GJ 3634",
      "mass" : 8.95014E29,
      "radius" : 299151.0,
      "pictureUrl" : "http://bit.ly/336nzNZ",
      "effectiveTemperature" : 0.0
    }
  } ]
}, {
  "name" : "Kepler-1606 System",
  "centerStar" : {
    "type" : "Star",
    "name" : "Kepler-1606",
    "mass" : 1.790028E30,
    "radius" : 598302.0,
    "pictureUrl" : "http://bit.ly/336nzNZ",
    "effectiveTemperature" : 5422.0
  },
  "pictureUrl" : "http://bit.ly/2Iz4jPB",
  "planets" : [ {
    "type" : "Planet",
    "name" : "Kepler-1606 b",
    "mass" : 0.0,
    "radius" : 13226.02,
    "pictureUrl" : "http://bit.ly/2Q2PngD",
    "semiMajorAxis" : 0.0,
    "eccentricity" : 0.0,
    "orbitalPeriod" : 196.435224,
    "centralCelestialBody" : {
      "type" : "Star",
      "name" : "Kepler-1606",
      "mass" : 1.790028E30,
      "radius" : 598302.0,
      "pictureUrl" : "http://bit.ly/336nzNZ",
      "effectiveTemperature" : 5422.0
    }
  } ]
}, {
  "name" : "HD 190647 System",
  "centerStar" : {
    "type" : "Star",
    "name" : "HD 190647",
    "mass" : 2.1281444E30,
    "radius" : 960065.9999999999,
    "pictureUrl" : "http://bit.ly/336nzNZ",
    "effectiveTemperature" : 5656.0
  },
  "pictureUrl" : "http://bit.ly/2Iz4jPB",
  "planets" : [ {
    "type" : "Planet",
    "name" : "HD 190647 b",
    "mass" : 3.76753E27,
    "radius" : 0.0,
    "pictureUrl" : "http://bit.ly/2Q2PngD",
    "semiMajorAxis" : 3.33752850201E8,
    "eccentricity" : 0.224,
    "orbitalPeriod" : 1176.45,
    "centralCelestialBody" : {
      "type" : "Star",
      "name" : "HD 190647",
      "mass" : 2.1281444E30,
      "radius" : 960065.9999999999,
      "pictureUrl" : "http://bit.ly/336nzNZ",
      "effectiveTemperature" : 5656.0
    }
  } ]
}, {
  "name" : "Kepler-1158 System",
  "centerStar" : {
    "type" : "Star",
    "name" : "Kepler-1158",
    "mass" : 2.8043772E30,
    "radius" : 1356615.0,
    "pictureUrl" : "http://bit.ly/336nzNZ",
    "effectiveTemperature" : 6203.0
  },
  "pictureUrl" : "http://bit.ly/2Iz4jPB",
  "planets" : [ {
    "type" : "Planet",
    "name" : "Kepler-1158 b",
    "mass" : 0.0,
    "radius" : 14941.828,
    "pictureUrl" : "http://bit.ly/2Q2PngD",
    "semiMajorAxis" : 0.0,
    "eccentricity" : 0.0,
    "orbitalPeriod" : 13.5396293,
    "centralCelestialBody" : {
      "type" : "Star",
      "name" : "Kepler-1158",
      "mass" : 2.8043772E30,
      "radius" : 1356615.0,
      "pictureUrl" : "http://bit.ly/336nzNZ",
      "effectiveTemperature" : 6203.0
    }
  } ]
}, {
  "name" : "Kepler-1169 System",
  "centerStar" : {
    "type" : "Star",
    "name" : "Kepler-1169",
    "mass" : 2.4662608E30,
    "radius" : 855711.0,
    "pictureUrl" : "http://bit.ly/336nzNZ",
    "effectiveTemperature" : 6191.0
  },
  "pictureUrl" : "http://bit.ly/2Iz4jPB",
  "planets" : [ {
    "type" : "Planet",
    "name" : "Kepler-1169 b",
    "mass" : 0.0,
    "radius" : 6005.328,
    "pictureUrl" : "http://bit.ly/2Q2PngD",
    "semiMajorAxis" : 0.0,
    "eccentricity" : 0.0,
    "orbitalPeriod" : 6.11009134,
    "centralCelestialBody" : {
      "type" : "Star",
      "name" : "Kepler-1169",
      "mass" : 2.4662608E30,
      "radius" : 855711.0,
      "pictureUrl" : "http://bit.ly/336nzNZ",
      "effectiveTemperature" : 6191.0
    }
  } ]
}, {
  "name" : "Kepler-1617 System",
  "centerStar" : {
    "type" : "Star",
    "name" : "Kepler-1617",
    "mass" : 2.2872579999999997E30,
    "radius" : 848754.0,
    "pictureUrl" : "http://bit.ly/336nzNZ",
    "effectiveTemperature" : 6167.0
  },
  "pictureUrl" : "http://bit.ly/2Iz4jPB",
  "planets" : [ {
    "type" : "Planet",
    "name" : "Kepler-1617 b",
    "mass" : 0.0,
    "radius" : 7649.644,
    "pictureUrl" : "http://bit.ly/2Q2PngD",
    "semiMajorAxis" : 0.0,
    "eccentricity" : 0.0,
    "orbitalPeriod" : 27.4785572,
    "centralCelestialBody" : {
      "type" : "Star",
      "name" : "Kepler-1617",
      "mass" : 2.2872579999999997E30,
      "radius" : 848754.0,
      "pictureUrl" : "http://bit.ly/336nzNZ",
      "effectiveTemperature" : 6167.0
    }
  } ]
}, {
  "name" : "Kepler-630 System",
  "centerStar" : {
    "type" : "Star",
    "name" : "Kepler-630",
    "mass" : 2.0286984E30,
    "radius" : 723528.0,
    "pictureUrl" : "http://bit.ly/336nzNZ",
    "effectiveTemperature" : 5829.0
  },
  "pictureUrl" : "http://bit.ly/2Iz4jPB",
  "planets" : [ {
    "type" : "Planet",
    "name" : "Kepler-630 b",
    "mass" : 0.0,
    "radius" : 20303.728,
    "pictureUrl" : "http://bit.ly/2Q2PngD",
    "semiMajorAxis" : 0.0,
    "eccentricity" : 0.0,
    "orbitalPeriod" : 161.4743937,
    "centralCelestialBody" : {
      "type" : "Star",
      "name" : "Kepler-630",
      "mass" : 2.0286984E30,
      "radius" : 723528.0,
      "pictureUrl" : "http://bit.ly/336nzNZ",
      "effectiveTemperature" : 5829.0
    }
  } ]
}, {
  "name" : "K2-22 System",
  "centerStar" : {
    "type" : "Star",
    "name" : "K2-22",
    "mass" : 1.1933519999999999E30,
    "radius" : 396548.99999999994,
    "pictureUrl" : "http://bit.ly/336nzNZ",
    "effectiveTemperature" : 3830.0
  },
  "pictureUrl" : "http://bit.ly/2Iz4jPB",
  "planets" : [ {
    "type" : "Planet",
    "name" : "K2-22 b",
    "mass" : 2.6571999999999995E27,
    "radius" : 15942.716,
    "pictureUrl" : "http://bit.ly/2Q2PngD",
    "semiMajorAxis" : 1316461.2648,
    "eccentricity" : 0.0,
    "orbitalPeriod" : 0.381078,
    "centralCelestialBody" : {
      "type" : "Star",
      "name" : "K2-22",
      "mass" : 1.1933519999999999E30,
      "radius" : 396548.99999999994,
      "pictureUrl" : "http://bit.ly/336nzNZ",
      "effectiveTemperature" : 3830.0
    }
  } ]
}, {
  "name" : "Kepler-652 System",
  "centerStar" : {
    "type" : "Star",
    "name" : "Kepler-652",
    "mass" : 1.9292523999999998E30,
    "radius" : 612216.0,
    "pictureUrl" : "http://bit.ly/336nzNZ",
    "effectiveTemperature" : 5490.0
  },
  "pictureUrl" : "http://bit.ly/2Iz4jPB",
  "planets" : [ {
    "type" : "Planet",
    "name" : "Kepler-652 b",
    "mass" : 0.0,
    "radius" : 15871.224,
    "pictureUrl" : "http://bit.ly/2Q2PngD",
    "semiMajorAxis" : 0.0,
    "eccentricity" : 0.0,
    "orbitalPeriod" : 4.18200253,
    "centralCelestialBody" : {
      "type" : "Star",
      "name" : "Kepler-652",
      "mass" : 1.9292523999999998E30,
      "radius" : 612216.0,
      "pictureUrl" : "http://bit.ly/336nzNZ",
      "effectiveTemperature" : 5490.0
    }
  } ]
}, {
  "name" : "Kepler-905 System",
  "centerStar" : {
    "type" : "Star",
    "name" : "Kepler-905",
    "mass" : 1.8894739999999998E30,
    "radius" : 598302.0,
    "pictureUrl" : "http://bit.ly/336nzNZ",
    "effectiveTemperature" : 5461.0
  },
  "pictureUrl" : "http://bit.ly/2Iz4jPB",
  "planets" : [ {
    "type" : "Planet",
    "name" : "Kepler-905 b",
    "mass" : 0.0,
    "radius" : 9007.992,
    "pictureUrl" : "http://bit.ly/2Q2PngD",
    "semiMajorAxis" : 0.0,
    "eccentricity" : 0.0,
    "orbitalPeriod" : 5.08274652,
    "centralCelestialBody" : {
      "type" : "Star",
      "name" : "Kepler-905",
      "mass" : 1.8894739999999998E30,
      "radius" : 598302.0,
      "pictureUrl" : "http://bit.ly/336nzNZ",
      "effectiveTemperature" : 5461.0
    }
  } ]
}, {
  "name" : "K2-33 System",
  "centerStar" : {
    "type" : "Star",
    "name" : "K2-33",
    "mass" : 1.1137952000000001E30,
    "radius" : 730485.0,
    "pictureUrl" : "http://bit.ly/336nzNZ",
    "effectiveTemperature" : 3540.0
  },
  "pictureUrl" : "http://bit.ly/2Iz4jPB",
  "planets" : [ {
    "type" : "Planet",
    "name" : "K2-33 b",
    "mass" : 7.0226E27,
    "radius" : 32171.4,
    "pictureUrl" : "http://bit.ly/2Q2PngD",
    "semiMajorAxis" : 0.0,
    "eccentricity" : 0.0,
    "orbitalPeriod" : 5.424865,
    "centralCelestialBody" : {
      "type" : "Star",
      "name" : "K2-33",
      "mass" : 1.1137952000000001E30,
      "radius" : 730485.0,
      "pictureUrl" : "http://bit.ly/336nzNZ",
      "effectiveTemperature" : 3540.0
    }
  } ]
}, {
  "name" : "Kepler-1364 System",
  "centerStar" : {
    "type" : "Star",
    "name" : "Kepler-1364",
    "mass" : 2.9634908E30,
    "radius" : 1245303.0,
    "pictureUrl" : "http://bit.ly/336nzNZ",
    "effectiveTemperature" : 6805.0
  },
  "pictureUrl" : "http://bit.ly/2Iz4jPB",
  "planets" : [ {
    "type" : "Planet",
    "name" : "Kepler-1364 b",
    "mass" : 0.0,
    "radius" : 13726.464,
    "pictureUrl" : "http://bit.ly/2Q2PngD",
    "semiMajorAxis" : 0.0,
    "eccentricity" : 0.0,
    "orbitalPeriod" : 13.32196237,
    "centralCelestialBody" : {
      "type" : "Star",
      "name" : "Kepler-1364",
      "mass" : 2.9634908E30,
      "radius" : 1245303.0,
      "pictureUrl" : "http://bit.ly/336nzNZ",
      "effectiveTemperature" : 6805.0
    }
  } ]
}, {
  "name" : "Kepler-663 System",
  "centerStar" : {
    "type" : "Star",
    "name" : "Kepler-663",
    "mass" : 1.7104712E30,
    "radius" : 570474.0,
    "pictureUrl" : "http://bit.ly/336nzNZ",
    "effectiveTemperature" : 5264.0
  },
  "pictureUrl" : "http://bit.ly/2Iz4jPB",
  "planets" : [ {
    "type" : "Planet",
    "name" : "Kepler-663 b",
    "mass" : 0.0,
    "radius" : 16586.144,
    "pictureUrl" : "http://bit.ly/2Q2PngD",
    "semiMajorAxis" : 0.0,
    "eccentricity" : 0.0,
    "orbitalPeriod" : 4.99678284,
    "centralCelestialBody" : {
      "type" : "Star",
      "name" : "Kepler-663",
      "mass" : 1.7104712E30,
      "radius" : 570474.0,
      "pictureUrl" : "http://bit.ly/336nzNZ",
      "effectiveTemperature" : 5264.0
    }
  } ]
}, {
  "name" : "Kepler-1386 System",
  "centerStar" : {
    "type" : "Star",
    "name" : "Kepler-1386",
    "mass" : 2.0286984E30,
    "radius" : 716571.0,
    "pictureUrl" : "http://bit.ly/336nzNZ",
    "effectiveTemperature" : 5733.0
  },
  "pictureUrl" : "http://bit.ly/2Iz4jPB",
  "planets" : [ {
    "type" : "Planet",
    "name" : "Kepler-1386 b",
    "mass" : 0.0,
    "radius" : 7935.612,
    "pictureUrl" : "http://bit.ly/2Q2PngD",
    "semiMajorAxis" : 0.0,
    "eccentricity" : 0.0,
    "orbitalPeriod" : 6.73972381,
    "centralCelestialBody" : {
      "type" : "Star",
      "name" : "Kepler-1386",
      "mass" : 2.0286984E30,
      "radius" : 716571.0,
      "pictureUrl" : "http://bit.ly/336nzNZ",
      "effectiveTemperature" : 5733.0
    }
  } ]
}, {
  "name" : "Kepler-1375 System",
  "centerStar" : {
    "type" : "Star",
    "name" : "Kepler-1375",
    "mass" : 2.9237124E30,
    "radius" : 1238346.0,
    "pictureUrl" : "http://bit.ly/336nzNZ",
    "effectiveTemperature" : 6704.0
  },
  "pictureUrl" : "http://bit.ly/2Iz4jPB",
  "planets" : [ {
    "type" : "Planet",
    "name" : "Kepler-1375 b",
    "mass" : 0.0,
    "radius" : 11081.26,
    "pictureUrl" : "http://bit.ly/2Q2PngD",
    "semiMajorAxis" : 0.0,
    "eccentricity" : 0.0,
    "orbitalPeriod" : 3.3004192,
    "centralCelestialBody" : {
      "type" : "Star",
      "name" : "Kepler-1375",
      "mass" : 2.9237124E30,
      "radius" : 1238346.0,
      "pictureUrl" : "http://bit.ly/336nzNZ",
      "effectiveTemperature" : 6704.0
    }
  } ]
}, {
  "name" : "HD 120084 System",
  "centerStar" : {
    "type" : "Star",
    "name" : "HD 120084",
    "mass" : 4.7535188E30,
    "radius" : 6344783.999999999,
    "pictureUrl" : "http://bit.ly/336nzNZ",
    "effectiveTemperature" : 4892.0
  },
  "pictureUrl" : "http://bit.ly/2Iz4jPB",
  "planets" : [ {
    "type" : "Planet",
    "name" : "HD 120084 b",
    "mass" : 8.541E27,
    "radius" : 0.0,
    "pictureUrl" : "http://bit.ly/2Q2PngD",
    "semiMajorAxis" : 6.432708453E8,
    "eccentricity" : 0.66,
    "orbitalPeriod" : 2082.0,
    "centralCelestialBody" : {
      "type" : "Star",
      "name" : "HD 120084",
      "mass" : 4.7535188E30,
      "radius" : 6344783.999999999,
      "pictureUrl" : "http://bit.ly/336nzNZ",
      "effectiveTemperature" : 4892.0
    }
  } ]
} ]